LidID;Nafn;Radnumer;LidaTegundID;SyndarLid;Timastimpill;SyndarlidID
18;TUA;NULL;20;0;2000-03-30 11:18:55.853;NULL
19;"Rimar ";A;20;0;2000-03-30 12:24:31.213;NULL
20;UMF Reynir;NULL;21;0;2000-03-30 15:53:33.017;NULL
22;Snæfell;NULL;20;0;2000-03-30 22:01:33.397;NULL
23;Genturnar;1;21;0;2000-03-30 22:01:50.970;NULL
26;Snæfell;A;21;0;2000-03-30 22:09:38.573;NULL
27;Þróttur R;1;20;0;2000-03-30 23:47:16.597;NULL
28;Valur Reyðarfirði;NULL;21;0;2000-03-31 16:10:54.963;NULL
29;Genturnar;2;21;0;2000-04-01 11:18:51.580;NULL
34;Röstin;NULL;21;0;2000-04-02 15:49:57.717;NULL
35;HK;NULL;22;0;2000-04-02 17:32:39.907;NULL
36;UNÞ;NULL;21;0;2000-04-02 18:28:38.687;NULL
37;Honey Bees;NULL;21;0;2000-04-02 20:41:37.507;NULL
38;Broskarlar;NULL;20;0;2000-04-02 20:45:46.567;NULL
39;Sindri;NULL;21;0;2000-04-03 10:12:23.580;NULL
42;Völsungur;A;21;0;2000-04-03 16:37:04.820;NULL
43;Völsungur;B;21;0;2000-04-03 16:47:17.280;NULL
44;Völsungur;C;21;0;2000-04-03 16:54:41.660;NULL
52;ÍK;A;21;0;2000-04-03 19:31:12.143;NULL
53;UNÞ;NULL;20;0;2000-04-03 19:45:00.937;NULL
54;ÍK;B;21;0;2000-04-03 19:58:41.183;NULL
55;Skellur;NULL;21;0;2000-04-03 20:06:50.290;NULL
60;"Óðinn ";NULL;20;0;2000-04-03 22:02:55.483;NULL
61;Óðinn;NULL;22;0;2000-04-03 22:13:16.277;NULL
70;Stjarnan;A;21;0;2000-04-03 22:53:02.457;NULL
71;Þróttur R;2;20;0;2000-04-04 00:23:52.283;NULL
72;Þróttur R;3;20;0;2000-04-04 00:28:54.760;NULL
73;Þróttur R;4;20;0;2000-04-04 00:33:30.577;NULL
75;Völsungur;NULL;20;0;2000-04-04 08:19:20.163;NULL
76;"Völsungur ";NULL;22;0;2000-04-04 08:26:43.083;NULL
79;Rimar;A;21;0;2000-04-04 08:54:33.893;NULL
80;"Rimar ";B;20;0;2000-04-04 09:31:56.940;NULL
84;Lansinn;NULL;21;0;2000-04-04 10:46:13.197;NULL
85;Austri;NULL;21;0;2000-04-04 11:01:31.850;NULL
88;Stjarnan;B;21;0;2000-04-04 11:44:56.493;NULL
89;Bresi;A;21;0;2000-04-04 13:12:29.437;NULL
90;Bresi;B;21;0;2000-04-04 13:44:29.920;NULL
91;Súlur;NULL;21;0;2000-04-04 14:04:21.010;NULL
92;Víkingur R;A;21;0;2000-04-04 14:04:54.150;NULL
93;Rimar;B;21;0;2000-04-04 14:08:04.753;NULL
94;Súlur;NULL;23;0;2000-04-04 14:09:29.153;NULL
95;ÍS;NULL;21;0;2000-04-04 14:37:15.080;NULL
98;Freyjur;NULL;21;0;2000-04-04 15:06:23.113;NULL
102;Freyjur;NULL;23;0;2000-04-04 15:27:19.300;NULL
108;Víkingur Ó;NULL;20;0;2000-04-04 16:16:59.763;NULL
109;Víkingur Ó;NULL;21;0;2000-04-04 16:31:07.173;NULL
110;HK;NULL;21;0;2000-04-04 16:38:14.367;NULL
111;HK;NULL;23;0;2000-04-04 16:44:54.883;NULL
112;Bresi;NULL;23;0;2000-04-04 17:06:37.117;NULL
114;Snæfell;B;21;0;2000-04-04 18:12:37.290;NULL
115;Hvannir;A;21;0;2000-04-04 18:21:34.913;NULL
116;Þróttur N;B;20;0;2000-04-04 18:28:51.720;NULL
118;Þróttur N;A;20;0;2000-04-04 18:38:42.240;NULL
119;Hvannir;B;21;0;2000-04-04 19:01:49.717;NULL
120;Víkingur R;B;21;0;2000-04-04 19:06:30.750;NULL
121;Víkingur R;NULL;23;0;2000-04-04 19:13:27.120;NULL
123;Smellur;NULL;21;0;2000-04-04 19:35:52.363;NULL
124;Óðinn;NULL;21;0;2000-04-04 20:49:54.230;NULL
125;Fylkir;A;21;0;2000-04-04 20:50:48.950;NULL
126;Fylkir;B;21;0;2000-04-04 20:58:46.447;NULL
127;"Skautar ";NULL;20;0;2000-04-04 22:27:12.063;NULL
129;Skautar;NULL;22;0;2000-04-04 22:29:50.453;NULL
131;UMFG;NULL;21;0;2000-04-04 23:01:41.250;NULL
132;Blakendur;NULL;22;0;2000-04-05 08:36:18.053;NULL
135;Þróttur R;1;21;0;2000-04-05 08:46:12.530;NULL
137;Þróttur R;2;21;0;2000-04-05 09:13:52.107;NULL
138;Hamar;NULL;20;0;2000-04-05 09:14:18.223;NULL
139;Þróttur R;NULL;23;0;2000-04-05 09:15:51.277;NULL
140;Hamar;NULL;21;0;2000-04-05 09:26:26.430;NULL
141;Fram;NULL;20;0;2000-04-24 22:30:17.483;NULL
142;ÍS;A;20;0;2000-04-24 22:30:44.380;NULL
143;ÍS;B;20;0;2000-04-24 22:30:54.077;NULL
144;KA;NULL;20;0;2000-04-24 22:31:07.013;NULL
145;Hyrnan;A;20;0;2000-04-24 22:31:15.357;NULL
146;Hyrnan;B;20;0;2000-04-24 22:31:25.230;NULL
147;Hyrnan;NULL;22;0;2000-04-24 22:31:34.203;NULL
148;Bresi;NULL;20;0;2000-04-24 22:31:44.127;NULL
149;Hávörn;NULL;22;0;2000-04-24 22:32:04.577;NULL
151;Eik;NULL;21;0;2000-04-24 22:44:20.603;NULL
152;Eik;NULL;23;0;2000-04-24 22:51:37.260;NULL
153;Skautar;NULL;21;0;2000-04-24 22:51:54.403;NULL
154;Krækjur;A;21;0;2000-04-24 22:52:07.100;NULL
155;Krækjur;B;21;0;2000-04-24 22:52:16.837;NULL
156;Afturelding;NULL;21;0;2000-04-24 22:52:31.157;NULL
166;KA b;NULL;20;0;2001-04-03 12:25:54.443;NULL
167;Prufa;NULL;20;0;2001-04-03 13:34:47.407;NULL
168;Rimar C;NULL;21;0;2001-04-06 08:32:55.070;NULL
169;Þórir Schiöth;NULL;20;0;2001-04-06 21:36:42.660;NULL
170;Höttur;NULL;20;0;2001-04-06 21:46:23.233;NULL
171;Höttur kv;NULL;21;0;2001-04-06 22:02:04.210;NULL
172;Hvannir B;NULL;21;0;2001-04-09 10:43:00.930;NULL
350;Skautar;B;21;0;2001-04-11 14:04:24.663;NULL
351;Hvannir;NULL;21;0;2001-04-11 16:49:19.510;NULL
352;Valur Reyðarfirði;NULL;20;0;2001-04-11 17:24:47.690;NULL
353;Valur Vegag Reyðarfirði;NULL;20;0;2001-04-11 17:27:57.403;NULL
354;Fylkir C;NULL;21;0;2001-04-13 18:18:24.070;NULL
355;Genturnar 2;NULL;21;0;2001-04-14 14:29:34.377;NULL
356;Þróttur N2;NULL;20;0;2001-04-14 16:29:16.700;NULL
357;Blakfélag Reykjavikur;NULL;21;0;2001-04-14 16:56:01.760;NULL
359;Stjarnan;C;21;0;2001-04-14 17:33:28.503;NULL
360;UMFT;NULL;20;0;2001-04-14 20:19:40.083;NULL
361;UMFTa;NULL;21;0;2001-04-14 20:36:13.443;NULL
362;Genturnar 3;NULL;21;0;2001-04-17 10:31:06.990;NULL
363;Dímon;NULL;21;0;2001-04-17 23:37:41.393;NULL
406;Þróttur N;NULL;20;0;2001-04-20 20:25:58.690;NULL
455;KA1;" ";20;0;2001-11-09 17:21:54.670;NULL
456;Skautar B;" ";20;0;2001-11-12 13:12:07.200;NULL
457;Freyjur B;" ";20;0;2001-11-12 13:17:24.890;NULL
458;Súlur, Siglufirði;" ";21;0;2001-11-12 22:03:30.233;NULL
459;UNÞ karlar;" ";20;0;2001-11-14 07:39:46.310;NULL
460;XX noname;" ";20;0;2001-11-14 23:49:00.093;NULL
461;KA;" ";21;0;2001-11-15 23:21:31.310;NULL
462;Eik B;" ";21;0;2001-11-15 23:25:46.717;NULL
463;Freyjur  B;" ";21;0;2001-11-15 23:27:57.000;NULL
464;Skautar A;" ";20;0;2001-11-15 23:29:22.890;NULL
481;Afturelding-C;" ";21;0;2001-11-20 09:34:14.250;NULL
482;Afturelding -2;" ";21;0;2001-11-20 09:37:09.403;NULL
483;NATO;" ";20;0;2001-11-21 08:33:32.480;NULL
484;NATO KK;" ";20;0;2001-11-21 08:34:36.420;NULL
485;NATO Kvk;" ";21;0;2001-11-21 08:35:42.623;NULL
486;NATOkvk;" ";21;0;2001-11-21 08:38:16.560;NULL
495;Fylkir A;" ";21;0;2001-11-22 23:00:46.933;NULL
496;Fylkir B;" ";21;0;2001-11-22 23:05:05.607;NULL
497;108 Reykjavík;" ";21;0;2001-11-22 23:11:53.687;NULL
498;HK;A;21;0;2001-12-05 20:46:23.733;NULL
499;HK;B;21;0;2001-12-05 20:50:44.513;NULL
500;Flugleiðir;2;20;0;2001-12-14 15:05:13.810;NULL
501;Flugleiðir;" ";20;0;2001-12-14 15:05:31.327;NULL
502;HK mfl.;" ";21;0;2001-12-17 09:06:59.560;NULL
503;Dímon;" ";20;0;2001-12-27 10:09:54.780;NULL
504;Bresi;" ";20;0;2001-12-27 11:40:05.700;NULL
505;Hamar;" ";20;0;2001-12-27 11:42:26.483;NULL
506;Hamar;A;20;0;2001-12-27 11:50:24.310;NULL
507;Blakfélag Reykjavíkur;" ";20;0;2001-12-27 11:55:03.093;NULL
508;Blakfélag Reykjavíkur;A;21;0;2001-12-27 11:56:34.733;NULL
509;Blakendur;" ";20;0;2001-12-28 10:24:08.107;NULL
510;Hrunamenn;" ";20;0;2001-12-28 15:37:32.933;NULL
511;Stjarnan B;" ";21;0;2001-12-28 15:40:23.373;NULL
512;HK/KHÍ;" ";20;0;2001-12-28 16:34:52.373;NULL
513;Þríttur 1;1;20;0;2002-01-01 12:31:38.140;NULL
514;Fram;" ";20;0;2002-01-01 15:34:06.593;NULL
515;Hvannir;" ";21;0;2002-01-01 15:41:56.123;NULL
516;UMFA;A;20;0;2002-01-01 15:42:49.123;NULL
517;UMFA;B;21;0;2002-01-01 15:44:27.843;NULL
546;Fylkir mfl;" ";21;0;2002-01-02 20:27:51.937;NULL
583;Bresi A;" ";21;0;2002-02-25 09:55:02.107;NULL
584;Rimar A;" ";20;0;2002-02-26 13:30:24.403;NULL
585;UMF Bolungarvíkur;" ";20;0;2002-02-28 15:49:47.513;NULL
586;Umf Reynir B;" ";21;0;2002-03-01 09:16:46.733;NULL
587;Bresi C;" ";21;0;2002-03-01 09:25:52.043;NULL
588;UMFG B;" ";21;0;2002-03-03 15:35:00.343;NULL
625;Mosöld;" ";20;0;2002-03-05 22:01:20.920;NULL
656;Bresi D;" ";21;0;2002-03-06 21:15:06.107;NULL
657;HLB;NULL;23;0;2002-03-19 15:16:06.590;NULL
658;KA a;NULL;20;0;2002-04-04 15:13:09.310;NULL
659;Súlur-Konur 40 ára og eldri;NULL;23;0;2002-04-09 16:19:12.467;NULL
668;Mosöld A+;NULL;20;0;2002-04-11 20:56:32.140;NULL
669;Mosöld A;NULL;20;0;2002-04-11 21:00:58.170;NULL
670;Afturelding kk A+;NULL;20;0;2002-04-11 22:06:25.327;NULL
671;Afturelding kk A;" ";20;0;2002-04-11 22:11:43.827;NULL
673;Víkingur, R.;NULL;21;0;2002-04-12 14:12:30.077;NULL
674;KA;a;28;0;2002-04-13 08:34:24.170;NULL
675;KA;b;28;0;2002-04-13 08:36:26.483;NULL
676;KA;NULL;29;0;2002-04-13 08:37:31.187;NULL
677;Afturelding;a;28;0;2002-04-13 08:43:31.797;NULL
678;Afturelding;b;28;0;2002-04-13 08:45:53.797;NULL
679;HK;a;28;0;2002-04-13 08:47:28.263;NULL
680;HK;b;29;0;2002-04-13 08:51:00.060;NULL
681;Þróttur N (kk);a;29;0;2002-04-13 08:53:19.810;NULL
682;Þróttur N;b;28;0;2002-04-13 08:54:02.000;NULL
683;Þróttur N;c;28;0;2002-04-13 08:54:48.093;NULL
684;Þróttur N;d;28;0;2002-04-13 08:55:31.683;NULL
685;Þróttur N;e;28;0;2002-04-13 08:56:11.230;NULL
686;Þróttur N;f;28;0;2002-04-13 08:57:26.123;NULL
687;Þróttur N (kvk);a;30;0;2002-04-13 08:59:08.327;NULL
688;Þróttur N (kvk);b;30;0;2002-04-13 08:59:52.170;NULL
689;Þróttur N;a;28;0;2002-04-13 09:00:34.200;NULL
690;Afturelding;NULL;29;0;2002-04-13 09:01:19.183;NULL
691;HK;a;29;0;2002-04-13 09:02:15.980;NULL
692;HK;b;28;0;2002-04-13 09:03:09.013;NULL
693;KA;NULL;33;0;2002-04-13 09:04:45.140;NULL
694;Þróttur N;NULL;33;0;2002-04-13 09:05:38.607;NULL
695;Þróttur R;NULL;35;0;2002-04-13 09:06:26.967;NULL
696;Þróttur N;NULL;35;0;2002-04-13 09:08:00.200;NULL
729;Þróttur N (kk);b;29;0;2002-04-13 10:23:18.077;NULL
762;TUA;NULL;24;0;2002-04-14 09:58:26.700;NULL
763;Steinunn gamla;NULL;20;0;2002-04-15 09:04:05.640;NULL
764;Stjarnan Öðlingar;NULL;23;0;2002-04-15 13:39:56.390;NULL
765;Snæfell;NULL;21;0;2002-04-15 22:52:54.280;NULL
766;Árvakur;" ";20;0;2002-04-16 21:54:11.030;NULL
767;Víkingur;NULL;23;0;2002-04-16 22:38:14.217;NULL
768;Reynir A;NULL;21;0;2002-04-19 18:19:54.717;NULL
853;HISK;NULL;22;0;2002-04-22 11:46:34.653;NULL
854;HISK;" ";22;0;2002-04-22 12:14:03.077;NULL
855;Víkingur;" ";21;0;2002-04-23 22:38:50.467;NULL
856;Víkingur O;" ";21;0;2002-04-23 22:51:47.327;NULL
899;ILSH 1;1;21;0;2002-05-29 15:06:19.390;NULL
900;ILSH  2;" ";21;0;2002-05-29 15:09:29.310;NULL
901;ILSH 3;" ";21;0;2002-05-29 15:09:50.123;NULL
902;Helsingfors&Nylands;" ";21;0;2002-05-29 15:10:32.843;NULL
903;Sentralsjukehuset i Rogaland 1;" ";20;0;2002-05-29 15:10:55.937;NULL
904;Sentralsjukehuset i Rogaland 2;" ";20;0;2002-05-29 15:11:21.357;NULL
905;Sentralsjukehuset i Rogaland 2;6;21;0;2002-05-29 15:12:16.123;NULL
906;Haugesund Sjukehus;" ";20;0;2002-05-29 15:12:36.140;NULL
907;Haugesund Sjukehus;7;21;0;2002-05-29 15:13:01.140;NULL
908;Sentralsjukehuset i Rogaland;" ";20;0;2002-05-29 15:15:33.513;NULL
909;Kronåskameratene;2;20;0;2002-05-29 15:18:48.730;NULL
910;ILSH   2;2;21;0;2002-05-29 16:18:56.230;NULL
911;ILSH  3;3;21;0;2002-05-29 16:20:02.593;NULL
912;ILSH  2;2;21;0;2002-05-29 16:21:14.683;NULL
915;Helsingfors&Nyland;4;21;0;2002-05-29 16:24:44.483;NULL
916;Sentralsjukehuset i Rogaland;5;21;0;2002-05-29 16:25:45.827;NULL
919;Sentralsjukehuset i Rogaland 1;5;21;0;2002-05-29 16:27:31.827;NULL
922;Kronåskamraterna;NULL;20;0;2002-05-29 16:35:36.107;NULL
923;Karsudden;NULL;20;0;2002-05-29 16:36:21.390;NULL
924;UBIL-ULLEVAL;NULL;20;0;2002-05-29 16:37:07.263;NULL
925;ILSH -mix;NULL;40;0;2002-05-29 16:40:52.123;NULL
926;ASA BIL;NULL;40;0;2002-05-29 16:41:34.047;NULL
927;Sentralsjukehuset i Rogaland;1;40;0;2002-05-29 16:42:34.327;NULL
928;Sentralsjukehuset i Rogaland;2;40;0;2002-05-29 16:43:47.590;NULL
929;Helsingfors&Nylands;NULL;40;0;2002-05-29 16:44:55.153;NULL
930;Sykehuset Östfold Fredrikstad;NULL;40;0;2002-05-29 16:46:07.560;NULL
931;UBIL-ULLEVAL;NULL;40;0;2002-05-29 16:46:45.390;NULL
932;Kronåskamraterna;NULL;40;0;2002-05-29 16:47:57.500;NULL
933;Oss Bil- Oppland Lillehammer;NULL;40;0;2002-05-29 16:48:50.030;NULL
934;Lasarettets Karlkrona;NULL;40;0;2002-05-29 16:49:30.547;NULL
935;Kuggarna;NULL;40;0;2002-05-29 16:50:00.200;NULL
936;Haugesund sjukehus;1;40;0;2002-05-29 16:50:36.780;NULL
937;Haugesund sjukehus;2;40;0;2002-05-29 16:51:09.217;NULL
938;Aker sykehus;NULL;40;0;2002-05-29 16:51:39.013;NULL
939;Karsudden;NULL;40;0;2002-05-29 16:52:10.560;NULL
955;ILSH;1;39;0;2002-05-29 17:19:30.623;NULL
956;ILSH;2;39;0;2002-05-29 17:20:03.263;NULL
957;ILSH;3;39;0;2002-05-29 17:20:32.640;NULL
958;Helsingfors & Nylands;NULL;39;0;2002-05-29 17:21:46.217;NULL
959;Sentralsjukehuset i Rogaland;1;39;0;2002-05-29 17:22:52.343;NULL
960;Sentralsjukehuset i Rogaland;2;39;0;2002-05-29 17:23:24.467;NULL
961;Haugesund Sjukehus;NULL;39;0;2002-05-29 17:24:26.200;NULL
1008;BLÍ;NULL;40;0;2002-09-18 13:32:37.700;NULL
1009;HK;" ";39;0;2002-09-24 16:57:52.607;NULL
1010;Þróttur N.;" ";39;0;2002-09-24 16:58:27.357;NULL
1011;Þróttur R.;" ";39;0;2002-09-24 16:58:45.530;NULL
1012;HK;1;38;0;2002-09-24 17:03:53.733;NULL
1013;Stjarnan;" ";38;0;2002-09-24 17:04:14.577;NULL
1014;Þróttur R. 1;" ";38;0;2002-09-24 17:05:08.467;NULL
1015;Þróttur R. 2;" ";38;0;2002-09-24 17:05:23.840;NULL
1016;"ÍS ";" ";38;0;2002-09-24 17:05:52.450;NULL
1017;Hamar 1;" ";38;0;2002-09-24 17:06:19.403;NULL
1018;Þróttur Nesk;NULL;39;0;2002-09-24 21:14:11.683;NULL
1019;Þróttur R;NULL;38;0;2002-09-25 17:29:59.983;NULL
1020;Þróttur R;2;38;0;2002-09-25 17:34:50.937;NULL
1021;Stjarnan;NULL;38;0;2002-09-25 17:36:18.920;NULL
1022;HK;NULL;38;0;2002-09-25 17:37:28.780;NULL
1023;ÍS;NULL;38;0;2002-09-25 17:38:09.983;NULL
1024;Hamar;NULL;38;0;2002-09-25 17:39:15.513;NULL
1031;NATO;NULL;38;0;2002-10-02 21:07:19.857;NULL
1032;KA;NULL;39;0;2002-10-23 16:34:07.983;NULL
1033;HK;NULL;39;0;2002-10-23 18:48:12.513;NULL
1034;Fylkir;NULL;39;0;2002-10-23 18:50:45.827;NULL
1040;Fylkir mfl.kv,;NULL;39;0;2002-10-23 18:52:24.903;NULL
1041;Nato;NULL;39;0;2002-10-23 18:53:34.873;NULL
1042;Víkingur Ó  - A;NULL;21;0;2002-11-04 09:30:58.280;NULL
1043;Víkingur Ó - B;NULL;21;0;2002-11-04 09:32:25.310;NULL
1044;Súlur;A;39;0;2002-11-04 19:36:32.060;NULL
1045;Súlur;B;39;0;2002-11-04 19:44:12.920;NULL
1046;KA;a;30;0;2002-11-05 09:37:13.077;NULL
1047;Reynir B;NULL;39;0;2002-11-05 14:35:56.013;NULL
1048;KA;NULL;32;0;2002-11-06 08:06:11.717;NULL
1049;Hamar;NULL;39;0;2002-11-06 17:29:28.200;NULL
1050;Thule;NULL;20;0;2002-11-06 19:56:18.623;NULL
1070;Þróttur N;NULL;32;0;2002-11-07 17:21:42.967;NULL
1071;Þróttur N;a;35;0;2002-11-07 17:23:09.123;NULL
1072;Þróttur N;b;35;0;2002-11-07 17:23:57.873;NULL
1073;Þróttur Nes;NULL;21;0;2002-11-07 20:58:16.843;NULL
1074;Þróttur N kvk;a;32;0;2002-11-08 11:22:14.033;NULL
1083;Völsungur öðlingar;NULL;23;0;2002-11-11 11:30:33.860;NULL
1084;Ka b;1;39;0;2002-11-12 15:12:51.860;NULL
1085;Öðlingar;1;38;0;2002-11-12 15:22:40.550;NULL
1086;H-Fleygur;NULL;38;0;2002-11-12 21:50:48.690;NULL
1087;Skautar A;NULL;39;0;2002-11-13 00:29:06.300;NULL
1088;Skautar B;NULL;21;0;2002-11-13 00:38:39.017;NULL
1089;Freyjur;A;21;0;2002-11-13 16:21:06.847;NULL
1106;"Laugabland ";" ";40;0;2002-11-13 22:21:31.683;NULL
1127;Platlið (101);A;38;0;2002-11-14 15:07:17.913;NULL
1130;Súlur;C;21;0;2002-11-14 15:19:42.070;NULL
1161;"A1                                      ";NULL;20;1;2002-11-14 16:19:26.313;1161
1162;"A2                                      ";NULL;20;1;2002-11-14 16:19:26.423;1162
1163;"A3                                      ";NULL;20;1;2002-11-14 16:19:26.453;1163
1164;"A4                                      ";NULL;20;1;2002-11-14 16:19:26.500;1164
1165;"A5                                      ";NULL;20;1;2002-11-14 16:19:26.563;1165
1166;"B1                                      ";NULL;20;1;2002-11-14 16:19:26.627;1166
1167;"B2                                      ";NULL;20;1;2002-11-14 16:19:26.673;1167
1168;"B3                                      ";NULL;20;1;2002-11-14 16:19:26.720;1168
1169;"B4                                      ";NULL;20;1;2002-11-14 16:19:26.783;1169
1170;"B5                                      ";NULL;20;1;2002-11-14 16:19:26.813;1170
1171;KMK;4;21;0;2002-12-19 16:45:55.870;NULL
1172;Kristín Sævarsdóttir;NULL;21;0;2002-12-30 16:16:59.113;NULL
1173;KMK 4;NULL;21;0;2002-12-30 16:23:04.913;NULL
1174;Víkingur;2;23;0;2003-01-02 17:52:08.937;NULL
1175;KMK;NULL;21;0;2003-01-02 17:55:50.737;NULL
1176;Afturelding;NULL;20;0;2003-01-02 18:00:37.127;NULL
1195;HK 4.fl. drengir;NULL;21;0;2003-01-02 18:19:41.380;NULL
1196;UNÞ-karlar;NULL;38;0;2003-01-05 23:48:58.897;NULL
1197;Óðinn;NULL;38;0;2003-01-08 15:52:33.153;NULL
1198;Laugaland;NULL;21;0;2003-01-16 22:41:54.097;NULL
1199;Laugaland;NULL;20;0;2003-01-16 22:43:52.133;NULL
1203;Víkingur Ólafsvík;NULL;39;0;2003-01-17 11:35:28.680;NULL
1204;Dímon;NULL;20;0;2003-01-22 20:31:26.200;NULL
1205;Fleygur;NULL;20;0;2003-01-23 23:21:21.170;NULL
1206;umfg;NULL;39;0;2003-02-20 11:53:32.500;NULL
1207;Víkingur-A-R-vík;NULL;23;0;2003-02-28 00:44:21.077;NULL
1208;Víkingur-Rvík;NULL;23;0;2003-02-28 00:45:20.467;NULL
1209;Þróttur Nesk. A;NULL;21;0;2003-03-04 19:02:26.623;NULL
1210;Skellur 2;NULL;21;0;2003-03-04 20:05:52.233;NULL
1211;UMFG B;NULL;39;0;2003-03-05 08:30:22.687;NULL
1254;Víkingur Ólafsvík A;NULL;39;0;2003-03-13 11:30:20.217;NULL
1255;Hrunamenn;NULL;38;0;2003-03-15 17:45:19.187;NULL
1256;Þróttur Rvk;NULL;21;0;2003-03-20 09:32:01.200;NULL
1261;Garpur (Laugaland);NULL;39;0;2003-03-27 12:00:28.903;NULL
1262;Garpur (Laugaland);NULL;20;0;2003-03-27 16:26:59.107;NULL
1263;BR;NULL;21;0;2003-03-28 15:13:30.170;NULL
1264;Stuðboltastelpur;NULL;21;0;2003-03-31 21:55:46.840;NULL
1272;Þróttur N 1;NULL;20;0;2003-04-01 15:27:59.077;NULL
1329;Þróttur R;NULL;28;0;2003-04-05 21:54:58.937;NULL
1332;Lansinn;1;20;0;2003-04-05 23:48:36.420;NULL
1333;Lansinn;0;20;0;2003-04-05 23:49:02.467;NULL
1334;Lansinn;" ";20;0;2003-04-05 23:49:28.797;NULL
1335;Saman safn;NULL;20;0;2003-04-09 12:22:15.043;NULL
1336;Afturelding- 4. fl. blandaður;NULL;31;0;2003-04-09 13:11:11.717;NULL
1377;HVIK;NULL;23;0;2003-04-22 12:40:23.797;NULL
1381;"B1                                      ";NULL;22;1;2003-04-23 14:34:49.030;1381
1384;Glófi;a;28;0;2003-04-26 17:33:46.200;NULL
1386;Glófi -;b;28;0;2003-04-26 17:41:56.733;NULL
1387;Glófi -;c;28;0;2003-04-26 17:44:35.123;NULL
1388;KA -;a;43;0;2003-04-26 18:08:22.747;NULL
1389;KA -;b;43;0;2003-04-26 18:10:36.903;NULL
1390;KA -;c;43;0;2003-04-26 18:12:42.043;NULL
1391;KA -;d;43;0;2003-04-26 18:13:31.170;NULL
1392;Glófi -;a;43;0;2003-04-26 18:15:18.263;NULL
1393;Glófi -;b;43;0;2003-04-26 18:16:38.043;NULL
1394;Glófi -;c;43;0;2003-04-26 18:17:38.703;NULL
1395;B-United;NULL;39;0;2003-10-03 18:07:58.780;NULL
1431;"A1                                      ";NULL;38;1;2003-10-09 16:41:21.030;1431
1432;"A2                                      ";NULL;38;1;2003-10-09 16:41:21.547;1432
1433;"A1                                      ";NULL;39;1;2003-10-10 16:47:15.967;1433
1434;"A2                                      ";NULL;39;1;2003-10-10 16:47:16.047;1434
1435;Afturelding;NULL;38;0;2003-10-23 15:39:47.530;NULL
1436;"A1                                      ";NULL;38;1;2003-10-24 17:00:29.653;1436
1437;"B1                                      ";NULL;38;1;2003-10-24 17:00:29.780;1437
1438;ÍS;NULL;39;0;2003-10-25 17:55:40.543;NULL
1439;HK b;NULL;39;0;2003-10-25 17:58:08.873;NULL
1440;Þróttur R 2;NULL;39;0;2003-10-25 18:00:44.687;NULL
1441;ÍK;NULL;39;0;2003-10-25 18:04:23.793;NULL
1442;Afturelding;NULL;39;0;2003-10-25 18:04:59.467;NULL
1443;Fylkir b;NULL;39;0;2003-10-25 18:05:40.013;NULL
1444;Stjarnan;NULL;39;0;2003-10-25 18:06:57.653;NULL
1445;Freyjur;NULL;39;0;2003-10-25 18:10:30.983;NULL
1446;Eik;NULL;39;0;2003-10-25 18:11:11.623;NULL
1447;Rimar;NULL;39;0;2003-10-25 18:13:20.170;NULL
1448;Völsungur;NULL;39;0;2003-10-25 18:15:09.310;NULL
1449;"A1                                      ";NULL;39;1;2003-10-25 18:19:25.310;1449
1450;"B2                                      ";NULL;39;1;2003-10-25 18:19:25.420;1450
1451;"B1                                      ";NULL;39;1;2003-10-25 18:19:25.450;1451
1452;"A2                                      ";NULL;39;1;2003-10-25 18:19:25.467;1452
1453;"D1                                      ";NULL;39;1;2003-10-25 18:19:25.497;1453
1454;"E1                                      ";NULL;39;1;2003-10-25 18:19:25.543;1454
1455;"F1                                      ";NULL;39;1;2003-10-25 18:19:25.577;1455
1456;"C1                                      ";NULL;39;1;2003-10-25 18:19:25.607;1456
1457;KA;NULL;38;0;2003-10-25 18:35:54.187;NULL
1458;Þróttur N;NULL;38;0;2003-10-25 18:36:52.920;NULL
1459;Rimar;NULL;38;0;2003-10-25 18:37:56.733;NULL
1460;Systurnar;NULL;39;0;2003-11-04 13:52:48.060;NULL
1469;UNÞ;NULL;38;0;2003-11-24 18:24:08.153;NULL
1470;Skutlur;NULL;21;0;2003-11-25 16:25:00.843;NULL
1471;KA;Ö;20;0;2003-11-26 17:48:15.043;NULL
1472;KA;Ö;21;0;2003-11-26 17:49:27.793;NULL
1499;Heimsmeistararnir;NULL;20;0;2003-12-30 14:33:47.750;NULL
1500;Krækjur;NULL;21;0;2004-01-06 16:16:33.983;NULL
1530;Dimon 00;NULL;21;0;2004-01-22 18:58:30.077;NULL
1549;"A1                                      ";NULL;21;1;2004-01-22 19:13:20.187;1549
1550;"A2                                      ";NULL;21;1;2004-01-22 19:13:20.263;1550
1551;"A3                                      ";NULL;21;1;2004-01-22 19:13:20.327;1551
1552;"A4                                      ";NULL;21;1;2004-01-22 19:13:20.357;1552
1553;"A5                                      ";NULL;21;1;2004-01-22 19:13:20.390;1553
1554;"B1                                      ";NULL;21;1;2004-01-22 19:13:20.420;1554
1555;"B2                                      ";NULL;21;1;2004-01-22 19:13:20.500;1555
1556;"B3                                      ";NULL;21;1;2004-01-22 19:13:20.530;1556
1557;"B4                                      ";NULL;21;1;2004-01-22 19:13:20.560;1557
1558;"B5                                      ";NULL;21;1;2004-01-22 19:13:20.607;1558
1559;"C1                                      ";NULL;21;1;2004-01-22 19:13:20.640;1559
1560;"C2                                      ";NULL;21;1;2004-01-22 19:13:20.670;1560
1561;"D1                                      ";NULL;21;1;2004-01-22 19:13:20.717;1561
1562;"D2                                      ";NULL;21;1;2004-01-22 19:13:20.903;1562
1563;"E1                                      ";NULL;21;1;2004-01-22 19:13:21.047;1563
1564;"E2                                      ";NULL;21;1;2004-01-22 19:13:21.093;1564
1565;"F1                                      ";NULL;21;1;2004-01-22 19:13:21.170;1565
1566;"F2                                      ";NULL;21;1;2004-01-22 19:13:21.217;1566
1567;Hyrnan A;NULL;24;0;2004-02-17 20:47:49.123;NULL
1568;Hyrnan B;NULL;24;0;2004-02-17 20:57:56.060;NULL
1572;Súlur A;NULL;23;0;2004-02-17 21:13:26.013;NULL
1573;Súlur B;NULL;23;0;2004-02-17 21:19:19.953;NULL
1574;11;NULL;39;0;2004-02-18 10:17:55.123;NULL
1578;Óðinn;1;20;0;2004-02-19 10:00:32.700;NULL
1579;Snæfell B;NULL;39;0;2004-02-19 13:53:01.200;NULL
1580;Reynir Hellissandi;NULL;39;0;2004-02-22 18:06:51.890;NULL
1581;Bresi B;NULL;20;0;2004-02-23 22:31:00.437;NULL
1582;Afturelding-3;NULL;21;0;2004-02-24 08:20:03.890;NULL
1615;Íþróttafélagið Flatmagar;1;24;0;2004-03-02 17:53:39.327;NULL
1616;Hvannir;NULL;39;0;2004-03-03 13:14:47.450;NULL
1675;Skellur;NULL;39;0;2004-03-17 19:20:33.467;NULL
1688;Skautar B;NULL;39;0;2004-03-22 23:53:15.327;NULL
1689;Huginn;NULL;20;0;2004-03-29 20:16:19.420;NULL
1691;Áliðið;NULL;20;0;2004-04-01 09:55:41.453;NULL
1692;Rimar Á;NULL;20;0;2004-04-01 10:15:21.293;NULL
1693;IDOL;NULL;21;0;2004-04-01 14:51:48.857;NULL
1694;Óðinn - Skautar;NULL;20;0;2004-04-01 21:19:17.090;NULL
1735;KA;a;44;0;2004-08-14 17:55:00.450;NULL
1736;BB;5;46;0;2004-08-17 02:21:23.827;NULL
1737;Sólon;NULL;44;0;2004-08-17 12:06:54.467;NULL
1738;HK;NULL;44;0;2004-08-18 16:23:37.670;NULL
1739;KA a;NULL;46;0;2004-08-19 14:40:20.857;NULL
1740;S.A.;NULL;45;0;2004-08-20 21:06:29.013;NULL
1741;A.A.;NULL;44;0;2004-08-20 21:09:41.437;NULL
1742;Sandalar;NULL;44;0;2004-08-21 21:05:34.310;NULL
1743;Nato - Blandað;NULL;40;0;2004-08-23 12:08:30.937;NULL
1744;flugfelag.is;NULL;44;0;2004-08-23 13:07:40.670;NULL
1745;Thule - Blandað;NULL;40;0;2004-08-23 13:36:11.013;NULL
1746;K.A.;NULL;46;0;2004-08-24 18:31:07.810;NULL
1747;Pronto;NULL;40;0;2004-08-26 15:16:58.607;NULL
1748;Þróttur Reykjavík;NULL;46;0;2004-08-26 16:06:19.890;NULL
1749;Fylkir;NULL;40;0;2004-08-27 13:03:23.890;NULL
1750;Fylkir I;NULL;40;0;2004-08-27 13:04:21.983;NULL
1751;HK strandblak kvenna;NULL;46;0;2004-08-27 15:02:11.090;NULL
1752;Beach Boys;NULL;44;0;2004-08-30 09:25:51.310;NULL
1753;Þróttur Reykjavík;NULL;44;0;2004-08-30 10:31:49.670;NULL
1755;Þróttur R;NULL;44;0;2004-08-31 16:04:25.483;NULL
1756;Höfrungur;NULL;46;0;2004-08-31 19:13:43.153;NULL
1757;HK;NULL;46;0;2004-08-31 20:18:14.233;NULL
1758;Plafur Tjarnax;1;44;0;2004-08-31 21:03:31.357;NULL
1759;Plafur Tjarnax;NULL;44;0;2004-08-31 21:04:18.780;NULL
1760;Gormar;NULL;38;0;2004-09-01 11:32:31.450;NULL
1761;ÍS;NULL;46;0;2004-09-02 11:44:32.043;NULL
1764;Jói og Gotti;NULL;44;0;2004-09-03 15:47:58.340;NULL
1797;"E1                                      ";NULL;44;1;2004-09-03 16:53:29.450;1797
1798;"E2                                      ";NULL;44;1;2004-09-03 16:53:29.497;1798
1799;"F1                                      ";NULL;44;1;2004-09-03 16:53:29.623;1799
1800;"F2                                      ";NULL;44;1;2004-09-03 16:53:29.700;1800
1801;Þróttur;NULL;40;0;2004-09-06 16:46:18.810;NULL
1802;Dímon;NULL;40;0;2004-09-06 23:48:31.263;NULL
1811;"A1                                      ";NULL;38;1;2004-09-30 17:54:02.263;1811
1812;"A2                                      ";NULL;38;1;2004-09-30 17:54:02.403;1812
1813;HK - A 3.fl.drengja;NULL;21;0;2004-10-13 12:23:24.373;NULL
1814;HK - B 3.fl.drengja;NULL;21;0;2004-10-13 12:24:38.107;NULL
1815;UMFÁ;A;39;0;2004-10-13 23:56:06.810;NULL
1816;UMFÁ;B;39;0;2004-10-13 23:59:23.577;NULL
1817;Bifröst;NULL;38;0;2004-10-18 11:29:26.513;NULL
1818;Bifröst;NULL;39;0;2004-10-18 11:31:56.530;NULL
1819;"A1                                      ";NULL;38;1;2004-10-29 11:54:01.090;1819
1820;"B1                                      ";NULL;38;1;2004-10-29 11:54:01.103;1820
1821;"A1                                      ";NULL;39;1;2004-10-29 11:54:39.777;1821
1822;"B1                                      ";NULL;39;1;2004-10-29 11:54:39.777;1822
1823;"C1                                      ";NULL;39;1;2004-10-29 11:54:39.793;1823
1824;"D1                                      ";NULL;39;1;2004-10-29 11:54:39.793;1824
1825;Bifröst b;NULL;39;0;2004-10-29 12:17:46.637;NULL
1828;Freyjur a;NULL;39;0;2004-11-03 11:02:55.313;NULL
1829;Freyjur b;NULL;39;0;2004-11-03 11:08:52.970;NULL
1830;Fylkir;NULL;38;0;2004-11-03 11:16:51.470;NULL
1831;KA b;NULL;39;0;2004-11-03 11:20:48.847;NULL
1833;KA b;NULL;38;0;2004-11-03 11:21:59.720;NULL
1834;Laugdælir;NULL;38;0;2004-11-03 11:34:41.297;NULL
1837;Völsungur a;NULL;39;0;2004-11-03 11:49:47.377;NULL
1838;Völsungur b;NULL;39;0;2004-11-03 11:51:33.940;NULL
1839;Völsungur;NULL;38;0;2004-11-03 11:53:14.203;NULL
1840;Þróttur R b;NULL;39;0;2004-11-03 11:56:25.267;NULL
1841;Þróttur R b;NULL;38;0;2004-11-03 11:58:05.580;NULL
1842;Þróttur R c;NULL;38;0;2004-11-03 11:58:40.343;NULL
1843;Þróttur N b;NULL;39;0;2004-11-03 12:02:29.063;NULL
1860;Víkingur/Grundarfjörður;NULL;33;0;2004-11-15 21:30:43.183;NULL
1865;Víkingur/UMFG;NULL;33;0;2004-11-16 10:57:21.250;NULL
1866;Víkingur/UMFG;NULL;39;0;2004-11-17 14:35:51.590;NULL
1867;Hyrnan;NULL;38;0;2004-11-17 21:39:55.917;NULL
1868;Þingeyingar;NULL;38;0;2004-11-17 23:24:44.963;NULL
1953;BB - Blakfélagið Björgvin;NULL;22;0;2004-12-30 21:29:54.307;NULL
1954;Stjarnan;NULL;20;0;2004-12-30 21:33:34.243;NULL
1955;Grótta;NULL;21;0;2005-01-04 17:50:34.823;NULL
1956;Thule;NULL;38;0;2005-01-05 13:42:37.167;NULL
2058;Laugdælir;NULL;21;0;2005-01-25 09:56:47.900;NULL
2059;Sindri;NULL;39;0;2005-01-27 08:38:52.150;NULL
2060;Sindri a;NULL;21;0;2005-01-27 12:39:51.197;NULL
2069;Reynir A;NULL;39;0;2005-02-02 21:52:53.697;NULL
2070;UMFÁ;NULL;39;0;2005-02-13 23:31:25.650;NULL
2071;Laugdælur;NULL;39;0;2005-02-15 09:42:20.090;NULL
2072;Snæfell;NULL;39;0;2005-02-16 22:41:46.650;NULL
2085;ÍBR;NULL;38;0;2005-02-23 18:30:28.603;NULL
2086;Þróttur R 1.flokkur;NULL;39;0;2005-02-24 15:21:26.790;NULL
2087;UMFTb;NULL;39;0;2005-02-27 17:48:43.480;NULL
2088;ÍKÍ;NULL;39;0;2005-03-01 20:41:53.230;NULL
2089;HK B;NULL;21;0;2005-03-02 09:09:56.620;NULL
2130;KMK-A;NULL;39;0;2005-03-11 15:23:18.887;NULL
2131;KMK-B;NULL;39;0;2005-03-11 15:24:45.620;NULL
2132;Blaklið Dóru Hjösss;NULL;21;0;2005-03-14 13:55:16.400;NULL
2133;Bjarg;NULL;23;0;2005-03-16 11:33:26.713;NULL
2184;FedEx;NULL;20;0;2005-03-17 07:49:07.743;NULL
2185;Neisti Djúpavogi;NULL;21;0;2005-03-17 14:43:23.073;NULL
2216;Hyrnan 1;NULL;20;0;2005-03-21 10:52:52.823;NULL
2217;Hyrnan 2;NULL;20;0;2005-03-21 10:55:52.730;NULL
2218;Súlur 1;NULL;21;0;2005-03-21 10:57:13.120;NULL
2219;Súlur 2;NULL;21;0;2005-03-21 10:58:07.853;NULL
2220;Start-x;NULL;21;0;2005-03-27 14:20:04.013;NULL
2221;UMF Reynir;NULL;39;0;2005-03-28 15:02:53.450;NULL
2224;UMF Reynir;1;39;0;2005-03-28 15:05:38.327;NULL
2226;noname;NULL;39;0;2005-03-29 13:50:35.093;NULL
2227;no name;NULL;21;0;2005-03-29 14:00:45.840;NULL
2228;NO NAME NR 2;NULL;20;0;2005-03-29 17:36:17.577;NULL
2229;NO NAME NR 2;NULL;21;0;2005-03-29 17:37:14.670;NULL
2238;N0 NAME;NULL;21;0;2005-04-03 20:19:20.763;NULL
2239;Ungmennafélag Laugdæla;NULL;21;0;2005-04-04 15:25:25.700;NULL
2240;Fjarðabyggð;NULL;21;0;2005-04-04 18:03:47.937;NULL
2241;Þróttur N 3;NULL;20;0;2005-04-04 21:11:12.217;NULL
2242;Röstin b;NULL;21;0;2005-04-04 22:01:20.480;NULL
2243;Hrafnkell Freysgoði;NULL;21;0;2005-04-05 18:10:26.280;NULL
2244;Eik-úr;NULL;23;0;2005-04-07 13:07:51.233;NULL
2245;HK A;NULL;21;0;2005-04-08 10:04:53.890;NULL
2255;KA C;NULL;20;0;2005-04-11 09:58:27.250;NULL
2256;MÍR;NULL;20;0;2005-04-11 13:58:25.013;NULL
2263;Stjörnur Péturs;NULL;20;0;2005-04-12 12:17:26.997;NULL
2310;KA guttar;NULL;20;0;2005-04-12 13:39:03.890;NULL
2341;Einar&Brynjar;NULL;44;0;2005-06-22 07:07:23.030;NULL
2342;Háin;NULL;46;0;2005-06-22 09:19:02.530;NULL
2343;Jón & Kalli;NULL;44;0;2005-06-22 09:36:44.060;NULL
2344;Emil&Óli Heimir;3;44;0;2005-06-22 12:29:09.763;NULL
2345;Gaui&Eiki;NULL;44;0;2005-06-22 12:38:27.373;NULL
2346;Eiki&Gaui;NULL;44;0;2005-06-22 12:41:00.920;NULL
2347;Fram;NULL;44;0;2005-06-22 13:28:36.500;NULL
2348;FC United;4;45;0;2005-06-22 21:59:42.920;NULL
2349;Sólstrandargæjarnir;1;45;0;2005-06-22 23:30:04.077;NULL
2350;Sólstrandargæjarnir;3;45;0;2005-06-22 23:30:15.670;NULL
2355;Sólstrandargæjarnir;7;45;0;2005-06-22 23:30:55.327;NULL
2356;BIDA;NULL;46;0;2005-06-23 13:16:52.873;NULL
2357;YO-MAMA;3;45;0;2005-06-23 23:14:50.640;NULL
2358;Styrkur;NULL;44;0;2005-06-29 10:08:37.793;NULL
2359;Thule;NULL;39;0;2005-07-01 16:20:35.373;NULL
2360;Þórey og Gása;NULL;46;0;2005-07-01 20:50:15.577;NULL
2361;Einstaklingar Haustm.Fylkis;NULL;40;0;2005-08-23 13:26:01.420;NULL
2362;B Utd. +;NULL;40;0;2005-09-06 13:15:13.450;NULL
2363;B Utd. ++;NULL;40;0;2005-09-06 13:19:33.140;NULL
2364;NATO A;NULL;40;0;2005-09-07 09:08:17.077;NULL
2365;NATO B;NULL;40;0;2005-09-07 09:14:49.843;NULL
2413;Þróttur B;NULL;21;0;2005-10-17 17:01:12.997;NULL
2414;UMFG-C;NULL;33;0;2005-11-08 14:29:47.500;NULL
2415;Eik-Bland;NULL;21;0;2005-11-22 18:43:25.000;NULL
2416;KA-Freyjur;NULL;39;0;2005-11-23 20:13:56.297;NULL
2417;KA-Freyjur -a;NULL;39;0;2005-11-23 20:14:25.653;NULL
2418;Plat;NULL;38;0;2005-11-24 12:57:03.593;NULL
2419;Plat A;NULL;39;0;2005-11-24 12:58:28.873;NULL
2420;Plat B;NULL;39;0;2005-11-24 12:59:18.140;NULL
2448;Sputnik;NULL;38;0;2006-01-05 23:45:01.543;NULL
2449;"A1                                      ";NULL;21;1;2006-01-06 16:47:13.670;2449
2450;"B1                                      ";NULL;21;1;2006-01-06 16:47:13.687;2450
2451;"A2                                      ";NULL;21;1;2006-01-06 16:47:13.700;2451
2452;"B2                                      ";NULL;21;1;2006-01-06 16:47:13.700;2452
2453;"A3                                      ";NULL;21;1;2006-01-06 16:47:13.700;2453
2454;"B3                                      ";NULL;21;1;2006-01-06 16:47:13.717;2454
2455;Afturelding;NULL;33;0;2006-01-08 14:02:20.437;NULL
2456;HK - 3.flokkur KK;NULL;39;0;2006-01-09 20:30:26.310;NULL
2457;HK 2. flokkur drengja;NULL;38;0;2006-01-09 21:07:31.560;NULL
2458;hk;NULL;35;0;2006-01-10 16:45:38.903;NULL
2459;Marel;NULL;20;0;2006-01-10 18:21:53.763;NULL
2504;Álftanes;NULL;39;0;2006-02-02 15:34:17.077;NULL
2505;Snörtur FC;8;38;0;2006-02-07 22:33:44.810;NULL
2506;Drama;NULL;23;0;2006-02-08 11:34:49.437;NULL
2507;Drama1;NULL;23;0;2006-02-08 11:35:03.857;NULL
2508;Drama2;NULL;21;0;2006-02-08 11:45:19.390;NULL
2578;Oðinn;NULL;20;0;2006-02-14 10:17:24.640;NULL
2579;Leiknir Fáskrúðsfirði;NULL;21;0;2006-02-22 15:20:58.013;NULL
2580;Smassararnir;NULL;38;0;2006-02-24 19:40:43.373;NULL
2655;NATO Men;NULL;38;0;2006-03-20 14:18:53.420;NULL
2656;NATO Women;1;39;0;2006-03-20 14:24:57.187;NULL
2657;Blakendur;NULL;38;0;2006-03-21 21:42:20.733;NULL
2690;UMFG-Karlar;NULL;20;0;2006-03-30 08:59:46.717;NULL
2691;Álftanes A;NULL;39;0;2006-04-02 17:23:01.140;NULL
2692;Álftanes B;NULL;39;0;2006-04-02 17:30:56.030;NULL
2693;Grótta;NULL;23;0;2006-04-03 09:48:01.950;NULL
2694;HAVST;1;20;0;2006-04-03 13:42:07.420;NULL
2695;HAVST;NULL;20;0;2006-04-03 13:43:37.467;NULL
2696;Bragi;NULL;22;0;2006-04-03 15:29:49.950;NULL
2697;Hvannir A;NULL;23;0;2006-04-03 18:06:50.560;NULL
2778;Víkingur Ó gestir;NULL;38;0;2006-04-11 15:55:44.340;NULL
2791;Gestir;NULL;39;0;2006-04-11 16:30:52.983;NULL
2792;VST;NULL;20;0;2006-04-11 18:27:24.140;NULL
2840;UMFG;NULL;38;0;2006-10-08 23:00:45.640;NULL
2841;UMFG b;NULL;38;0;2006-10-11 22:55:08.013;NULL
2842;UMFG;NULL;32;0;2006-10-19 13:33:27.593;NULL
2864;KA Freyjur A;NULL;21;0;2006-11-14 20:21:34.483;NULL
2865;KA Feyjur B;NULL;21;0;2006-11-14 20:24:13.640;NULL
2866;Auka;NULL;38;0;2006-11-15 22:17:43.340;NULL
2873;BB - Björgvin;NULL;38;0;2007-01-03 15:02:35.560;NULL
2874;Hilmar;NULL;34;0;2007-01-04 23:09:01.747;NULL
2875;KA 2;NULL;34;0;2007-01-04 23:13:00.670;NULL
2879;KA strákar;1;34;0;2007-01-04 23:14:57.233;NULL
2880;KA 2;7;34;0;2007-01-04 23:15:18.700;NULL
2898;Þróttur B - 2;NULL;39;0;2007-01-08 13:07:38.670;NULL
2899;Þróttur B - 3;NULL;39;0;2007-01-08 13:09:33.030;NULL
2900;Fra,;NULL;38;0;2007-01-10 17:31:59.687;NULL
2901;Lansinn b;NULL;21;0;2007-01-10 21:42:35.780;NULL
2909;Lansinn ÍLSP;NULL;21;0;2007-01-10 21:45:19.467;NULL
2910;Fylkir 3fl. blandað;NULL;33;0;2007-01-10 22:23:20.763;NULL
2915;"A2                                      ";NULL;21;1;2007-02-07 20:59:35.920;2915
2916;"A3                                      ";NULL;21;1;2007-02-07 20:59:35.967;2916
2917;"A1                                      ";NULL;21;1;2007-02-07 20:59:35.997;2917
2918;"B1                                      ";NULL;21;1;2007-02-07 20:59:36.013;2918
2919;"A4                                      ";NULL;21;1;2007-02-07 20:59:36.043;2919
2920;"A5                                      ";NULL;21;1;2007-02-07 20:59:36.060;2920
2921;"A2                                      ";NULL;21;1;2007-02-07 20:59:52.107;2921
2922;"A3                                      ";NULL;21;1;2007-02-07 20:59:52.123;2922
2923;"A1                                      ";NULL;21;1;2007-02-07 20:59:52.140;2923
2924;"B1                                      ";NULL;21;1;2007-02-07 20:59:52.153;2924
2925;"A4                                      ";NULL;21;1;2007-02-07 20:59:52.153;2925
2926;"A5                                      ";NULL;21;1;2007-02-07 20:59:52.187;2926
2972;Höttur 2;NULL;21;0;2007-03-09 15:06:56.187;NULL
2973;Álftanes C;NULL;39;0;2007-03-15 22:20:05.577;NULL
2974;HK-A 3. fl. drengja;NULL;38;0;2007-03-22 12:56:33.997;NULL
2975;Víkingur Ó;NULL;38;0;2007-03-26 22:35:47.903;NULL
2976;hrafnkell freysgoði;NULL;20;0;2007-04-02 10:14:18.530;NULL
2977;Þróttur B-United;NULL;39;0;2007-04-02 10:19:53.513;NULL
2978;KA K-lið;NULL;20;0;2007-04-02 10:55:00.280;NULL
2979;KA - Freyjur B;NULL;23;0;2007-04-02 17:12:44.873;NULL
2980;Broskarlar II;NULL;20;0;2007-04-02 20:26:17.670;NULL
2981;UNÞ b;NULL;20;0;2007-04-04 19:13:17.247;NULL
3004;Afturelding-4;NULL;21;0;2007-04-15 13:09:34.967;NULL
3005;HSK;NULL;38;0;2007-06-27 23:20:51.983;NULL
3006;UMSK;NULL;38;0;2007-06-27 23:22:10.903;NULL
3007;UMSE;NULL;38;0;2007-06-27 23:22:42.060;NULL
3008;HSH;NULL;38;0;2007-06-27 23:23:05.733;NULL
3009;HSK;NULL;39;0;2007-06-27 23:23:29.153;NULL
3010;UMSK;NULL;39;0;2007-06-27 23:23:53.060;NULL
3011;UMSE;NULL;39;0;2007-06-27 23:24:21.233;NULL
3012;HSH;NULL;39;0;2007-06-27 23:24:48.717;NULL
3013;ÍBR;NULL;39;0;2007-06-27 23:25:18.437;NULL
3028;Þróttur Rvk. - mfl. kvk.;NULL;39;0;2007-09-17 21:41:24.797;NULL
3029;Hk - utd.;NULL;21;0;2007-09-19 10:26:40.653;NULL
3030;HK 3.flokkur kk;NULL;38;0;2007-09-27 23:18:14.640;NULL
3031;HK utd.;NULL;39;0;2007-10-03 13:24:01.857;NULL
3032;Fylkir mfl.;NULL;39;0;2007-10-08 16:35:41.530;NULL
3033;Afturelding 2;NULL;21;0;2007-10-08 21:33:39.373;NULL
3034;Afturelding 1;NULL;21;0;2007-10-08 21:37:29.983;NULL
3035;Víkingur/Reynir;NULL;33;0;2007-10-09 08:27:58.780;NULL
3036;Víkingur/Reynir;NULL;32;0;2007-10-09 08:32:35.623;NULL
3037;Aftuelding 3.fl.pilta;NULL;21;0;2007-10-09 22:44:25.110;NULL
3038;Afturelding 2- 3.fl.pilta;NULL;21;0;2007-10-10 14:16:34.483;NULL
3039;Fylkir 3 fl. og konur;NULL;39;0;2007-10-11 16:46:20.187;NULL
3040;Fylkir B;NULL;38;0;2007-10-11 22:35:10.763;NULL
3106;"C1                                      ";NULL;21;1;2007-10-12 10:48:48.403;3106
3107;"C2                                      ";NULL;21;1;2007-10-12 10:48:48.420;3107
3108;"D1                                      ";NULL;21;1;2007-10-12 10:48:48.437;3108
3109;"D2                                      ";NULL;21;1;2007-10-12 10:48:48.437;3109
3110;"E1                                      ";NULL;21;1;2007-10-12 10:48:48.450;3110
3111;"E2                                      ";NULL;21;1;2007-10-12 10:48:48.450;3111
3112;"F1                                      ";NULL;21;1;2007-10-12 10:48:48.467;3112
3113;"F2                                      ";NULL;21;1;2007-10-12 10:48:48.483;3113
3132;Vík-Reynir 3.fl. pilta;NULL;21;0;2007-10-12 11:17:32.360;NULL
3179;Huginn;NULL;39;0;2007-11-10 14:20:56.110;NULL
3180;Huginn;NULL;38;0;2007-11-13 23:24:09.450;NULL
3181;Óðinn-Skautar;NULL;24;0;2007-11-15 20:44:58.687;NULL
3182;Feðgar;NULL;38;0;2007-11-21 12:46:27.437;NULL
3183;ÍFL;NULL;34;0;2007-11-22 08:49:27.983;NULL
3196;Eyða;k;39;0;2007-11-22 10:33:10.123;NULL
3209;Turnarnir;NULL;34;0;2007-11-22 12:25:53.170;NULL
3226;Stjarnan;NULL;32;0;2007-12-06 00:15:09.700;NULL
3227;Stjarnan;NULL;33;0;2007-12-06 00:18:30.153;NULL
3228;Fylkir - byrjendalið;NULL;39;0;2007-12-06 01:04:09.233;NULL
3229;Jólapúkar;NULL;39;0;2007-12-08 10:48:49.060;NULL
3230;Stjarnan piltar;NULL;21;0;2007-12-08 11:49:21.030;NULL
3231;Stjarnan stúlkur;NULL;21;0;2007-12-08 11:52:04.420;NULL
3232;Afturelding piltar;NULL;20;0;2007-12-08 12:09:08.717;NULL
3236;Aftuelding 3.fl.pilta;NULL;38;0;2008-01-09 22:14:22.920;NULL
3237;ÍS;NULL;20;0;2008-01-10 10:52:09.360;NULL
3238;Óðinn-Skautar;NULL;38;0;2008-01-10 11:34:53.250;NULL
3239;ÍFL stelpur;NULL;35;0;2008-01-10 11:56:42.420;NULL
3240;HK A - 3.fl.kvk;NULL;33;0;2008-01-10 15:01:12.060;NULL
3241;HK B - 3.fl.kvk;NULL;33;0;2008-01-10 15:03:10.983;NULL
3242;Stjarnan 3.fl.pilta;NULL;21;0;2008-01-10 19:31:20.500;NULL
3243;Stjarnan 3.fl.stúlkna;NULL;21;0;2008-01-10 19:34:04.717;NULL
3244;Víkingur/Reynir 3.fl.stúlkna;NULL;21;0;2008-01-10 19:43:29.090;NULL
3245;Þróttur R 2.fl. stúlkna;NULL;21;0;2008-01-10 19:45:26.500;NULL
3248;Stjarnan;NULL;21;0;2008-01-10 20:21:21.483;NULL
3258;Óðinn/Skautar 1;NULL;38;0;2008-01-23 20:57:36.590;NULL
3259;Óðinn/Skautar 2;NULL;38;0;2008-01-23 20:59:22.280;NULL
3260;KA +;NULL;38;0;2008-01-24 11:46:24.030;NULL
3261;Laugdælur;NULL;21;0;2008-02-13 16:06:28.390;NULL
3262;HK;NULL;20;0;2008-02-18 12:20:47.700;NULL
3280;HK-Víkingur;NULL;21;0;2008-02-27 20:43:21.263;NULL
3297;Massablak;NULL;20;0;2008-02-29 17:33:46.250;NULL
3298;HK Utd 1;NULL;21;0;2008-03-18 16:28:39.403;NULL
3299;HK Utd 2;NULL;21;0;2008-03-18 16:32:44.153;NULL
3300;Skellur B;NULL;21;0;2008-03-25 23:42:14.717;NULL
3301;Skellur karlar;NULL;20;0;2008-03-25 23:47:03.107;NULL
3302;Lansinn a;NULL;21;0;2008-03-27 08:53:19.123;NULL
3303;HSÞ;NULL;20;0;2008-03-31 14:18:10.187;NULL
3304;HSÞ - UNÞ;NULL;20;0;2008-03-31 14:19:04.233;NULL
3305;HSÞ - Snörtur;NULL;20;0;2008-03-31 14:21:11.187;NULL
3306;KA-Freyjur A;NULL;39;0;2008-03-31 17:52:34.623;NULL
3425;U19 Ísland;NULL;50;0;2008-08-30 14:09:06.043;NULL
3426;U19 Ísland;NULL;51;0;2008-08-30 14:11:13.123;NULL
3427;U19 Denmark;NULL;50;0;2008-08-30 14:12:43.903;NULL
3428;U19 Denmark;NULL;51;0;2008-08-30 14:13:54.497;NULL
3429;U19 Norge;NULL;50;0;2008-08-30 14:15:26.497;NULL
3430;U19 Norge;NULL;51;0;2008-08-30 14:16:08.700;NULL
3431;U19 Sverige;NULL;50;0;2008-08-30 14:21:21.233;NULL
3432;U19 Sverige;NULL;51;0;2008-08-30 14:22:05.670;NULL
3433;U19 England;NULL;50;0;2008-08-30 14:23:59.250;NULL
3434;U19 England;NULL;51;0;2008-08-30 14:24:32.217;NULL
3435;U19 Föroyar;NULL;51;0;2008-08-30 14:27:03.200;NULL
3436;HK Ungar;NULL;39;0;2008-09-23 14:46:58.543;NULL
3437;HK Síungar;NULL;39;0;2008-09-23 14:49:30.483;NULL
3440;Skotta Vopnafirði;NULL;39;0;2008-09-27 00:53:41.497;NULL
3441;Óðinn/Skautar;NULL;38;0;2008-10-14 23:24:55.640;NULL
3442;Fylkir C;NULL;39;0;2008-11-03 14:57:02.343;NULL
3443;Álftanes C - byrjendur;NULL;39;0;2008-11-03 15:35:29.297;NULL
3444;Afturelding 5;NULL;21;0;2008-11-04 20:43:16.327;NULL
3445;Fylkir D;NULL;39;0;2008-11-05 15:06:54.153;NULL
3446;HK utd. - 1;NULL;39;0;2008-11-12 14:02:55.733;NULL
3449;Team Unicorn;NULL;48;0;2008-11-17 22:50:58.857;NULL
3450;Aumingjarnir;NULL;38;0;2008-11-18 17:05:26.640;NULL
3451;KA-Freyjur B;NULL;39;0;2008-11-19 15:11:42.077;NULL
3452;KA stelpur;NULL;39;0;2008-11-19 18:27:49.890;NULL
3453;KA guttar;NULL;38;0;2008-11-19 23:07:59.983;NULL
3500;Verkís;NULL;20;0;2008-11-24 14:23:29.483;NULL
3501;"A1                                      ";NULL;20;1;2008-11-28 18:20:36.983;3501
3502;"A2                                      ";NULL;20;1;2008-11-28 18:20:37.060;3502
3503;"A3                                      ";NULL;20;1;2008-11-28 18:20:37.140;3503
3504;"A4                                      ";NULL;20;1;2008-11-28 18:20:37.250;3504
3505;"B1                                      ";NULL;20;1;2008-11-28 18:20:37.310;3505
3506;"B2                                      ";NULL;20;1;2008-11-28 18:20:37.373;3506
3507;"C1                                      ";NULL;20;1;2008-11-28 18:20:37.420;3507
3508;"C2                                      ";NULL;20;1;2008-11-28 18:20:37.483;3508
3509;Huginn/Höttur;NULL;39;0;2009-01-04 21:54:20.140;NULL
3510;Bjarmi;NULL;33;0;2009-01-07 11:19:11.687;NULL
3513;Víkingur/Reynir;1;33;0;2009-01-07 22:02:10.437;NULL
3514;UNÞ 2;NULL;38;0;2009-01-08 09:24:16.390;NULL
3515;UNÞ 1;NULL;38;0;2009-01-08 09:25:29.217;NULL
3516;Verkís-Fylkir;NULL;20;0;2009-01-08 21:33:37.997;NULL
3517;Stjarnan 3 fl. pilta;NULL;32;0;2009-01-08 22:52:17.437;NULL
3518;Vík/Reyn 3.fl stúlk.;NULL;33;0;2009-01-08 22:54:00.250;NULL
3519;Grótta B;NULL;21;0;2009-01-28 23:55:04.607;NULL
3544;"A1                                      ";NULL;21;1;2009-02-05 21:14:43.030;3544
3545;"A2                                      ";NULL;21;1;2009-02-05 21:14:43.140;3545
3546;"A3                                      ";NULL;21;1;2009-02-05 21:14:43.233;3546
3547;"A4                                      ";NULL;21;1;2009-02-05 21:14:43.327;3547
3548;"B1                                      ";NULL;21;1;2009-02-05 21:14:43.390;3548
3549;"B2                                      ";NULL;21;1;2009-02-05 21:14:43.500;3549
3550;"B3                                      ";NULL;21;1;2009-02-05 21:14:43.577;3550
3551;"B4                                      ";NULL;21;1;2009-02-05 21:14:43.653;3551
3552;"C1                                      ";NULL;21;1;2009-02-05 21:14:43.797;3552
3553;"C2                                      ";NULL;21;1;2009-02-05 21:14:43.890;3553
3554;"D1                                      ";NULL;21;1;2009-02-05 21:14:43.950;3554
3555;"D2                                      ";NULL;21;1;2009-02-05 21:14:44.047;3555
3556;"E1                                      ";NULL;21;1;2009-02-05 21:14:44.123;3556
3557;"E2                                      ";NULL;21;1;2009-02-05 21:14:44.217;3557
3558;"F1                                      ";NULL;21;1;2009-02-05 21:14:44.310;3558
3559;"F2                                      ";NULL;21;1;2009-02-05 21:14:44.403;3559
3560;UMFL Dælur;NULL;39;0;2009-02-17 17:47:50.123;NULL
3561;UMFL Vatnið;NULL;39;0;2009-02-17 18:03:02.733;NULL
3594;MassaDjamm;NULL;20;0;2009-02-26 12:47:55.890;NULL
3595;"A1                                      ";NULL;21;1;2009-03-06 19:01:20.140;3595
3596;"A2                                      ";NULL;21;1;2009-03-06 19:01:20.343;3596
3597;"A3                                      ";NULL;21;1;2009-03-06 19:01:20.420;3597
3598;"A4                                      ";NULL;21;1;2009-03-06 19:01:20.483;3598
3599;"A5                                      ";NULL;21;1;2009-03-06 19:01:20.640;3599
3600;"B1                                      ";NULL;21;1;2009-03-06 19:01:20.750;3600
3601;"B2                                      ";NULL;21;1;2009-03-06 19:01:20.860;3601
3602;"B3                                      ";NULL;21;1;2009-03-06 19:01:21.060;3602
3603;"B4                                      ";NULL;21;1;2009-03-06 19:01:21.153;3603
3604;"B5                                      ";NULL;21;1;2009-03-06 19:01:21.250;3604
3605;HK C;NULL;21;0;2009-03-08 21:52:10.840;NULL
3606;Leiknir B;NULL;21;0;2009-03-20 12:45:24.607;NULL
3607;Leiknir Fásk;NULL;20;0;2009-03-20 12:54:47.717;NULL
3608;KA '96;NULL;20;0;2009-03-23 15:45:11.577;NULL
3609;Rimar B;NULL;23;0;2009-03-24 18:28:36.857;NULL
3610;Verkís A;NULL;20;0;2009-03-25 14:58:06.247;NULL
3611;Verkís B;NULL;20;0;2009-03-25 15:00:24.937;NULL
3612;Rassskellur;NULL;20;0;2009-03-27 15:04:43.763;NULL
3613;Sindri;NULL;20;0;2009-03-28 18:51:58.390;NULL
3614;Sindri 2;NULL;21;0;2009-03-30 22:09:28.250;NULL
3615;þróttur Nes 3;3;21;0;2009-03-31 10:26:47.810;NULL
3616;Víkingur Reykjavík;NULL;23;0;2009-03-31 20:44:23.110;NULL
3617;Óðinn-Skautar;NULL;20;0;2009-03-31 20:51:15.233;NULL
3618;Skautar-Óðinn;NULL;20;0;2009-03-31 21:01:28.043;NULL
3619;Víkingur R;NULL;21;0;2009-03-31 21:23:57.920;NULL
3620;Snörtur 1;NULL;20;0;2009-04-01 09:27:13.983;NULL
3621;MK;NULL;40;0;2009-04-02 14:13:35.327;NULL
3622;MA;NULL;40;0;2009-04-02 14:15:13.763;NULL
3623;Framh.sk. á Laugum;NULL;40;0;2009-04-02 14:17:12.500;NULL
3624;FSU;NULL;40;0;2009-04-02 14:18:26.310;NULL
3625;Verzló;NULL;40;0;2009-04-02 14:20:26.967;NULL
3626;Kvennaskólinn;NULL;40;0;2009-04-02 14:21:17.590;NULL
3627;FSN;NULL;40;0;2009-04-02 14:22:50.297;NULL
3628;FVA;NULL;40;0;2009-04-02 14:24:03.577;NULL
3629;ML;NULL;40;0;2009-04-02 14:25:11.373;NULL
3630;Borgó;NULL;40;0;2009-04-02 14:29:59.437;NULL
3831;Huginn Þróttur;NULL;20;0;2009-04-10 12:38:47.857;NULL
3864;ÍBR;1;39;0;2009-07-03 22:37:34.670;NULL
3865;ÍBA;NULL;39;0;2009-07-03 22:38:28.890;NULL
3866;UÍF;NULL;39;0;2009-07-03 22:39:29.013;NULL
3867;UMSS;NULL;39;0;2009-07-03 22:40:44.357;NULL
3868;ÚÍA;NULL;39;0;2009-07-03 22:41:23.467;NULL
3869;HSV;NULL;39;0;2009-07-03 22:42:57.310;NULL
3870;UMSE/UFA;NULL;39;0;2009-07-03 22:44:09.577;NULL
3871;HSV;NULL;38;0;2009-07-03 22:46:15.687;NULL
3872;ÍBA;NULL;38;0;2009-07-03 22:46:54.950;NULL
3874;UMSE/UFA;NULL;38;0;2009-07-03 22:47:50.653;NULL
3875;Ekkert lið;NULL;39;0;2009-07-03 22:55:56.763;NULL
3902;HK -MFl.KVK;NULL;39;0;2009-09-08 09:44:40.280;NULL
3905;HK -MFl.KK;NULL;38;0;2009-09-08 11:23:03.107;NULL
4153;Ýmir;NULL;39;0;2009-09-30 17:34:06.670;NULL
4154;Stjarnan 2;NULL;38;0;2009-09-30 19:52:54.747;NULL
4155;Þróttur Rc;NULL;39;0;2009-09-30 19:58:55.420;NULL
4156;Stjarnan A;NULL;39;0;2009-09-30 20:00:07.763;NULL
4157;Bresi;NULL;39;0;2009-09-30 20:02:23.733;NULL
4158;Skellur - karlar;NULL;38;0;2009-10-05 13:59:13.140;NULL
4159;Sindri;NULL;38;0;2009-10-20 11:16:03.247;NULL
4160;Höttur;NULL;38;0;2009-10-20 11:17:17.153;NULL
4161;Leiknir;NULL;38;0;2009-10-20 11:20:26.903;NULL
4162;Leiknir;NULL;39;0;2009-10-20 11:21:11.920;NULL
4163;Valur;NULL;39;0;2009-10-20 11:23:15.280;NULL
4164;Höttur;NULL;39;0;2009-10-20 11:29:33.500;NULL
4165;KA c;NULL;38;0;2009-10-20 12:04:12.077;NULL
4166;UMF Laugar;NULL;38;0;2009-10-20 12:05:50.467;NULL
4167;Skautar;NULL;39;0;2009-10-20 18:20:03.687;NULL
4168;Stjarnan C;NULL;39;0;2009-10-21 13:58:08.513;NULL
4172;HK C;NULL;39;0;2009-10-21 14:04:31.780;NULL
4173;Afturelding B;NULL;39;0;2009-10-21 14:05:49.640;NULL
4174;Lansinn;NULL;39;0;2009-10-21 14:06:47.047;NULL
4175;Dímon;NULL;39;0;2009-10-21 14:11:20.047;NULL
4176;Stjarnan B;NULL;39;0;2009-10-21 14:15:03.043;NULL
4177;"A1                                      ";NULL;21;1;2009-10-22 18:26:44.373;4177
4178;"A2                                      ";NULL;21;1;2009-10-22 18:26:44.390;4178
4179;"A3                                      ";NULL;21;1;2009-10-22 18:26:44.403;4179
4180;"A4                                      ";NULL;21;1;2009-10-22 18:26:44.420;4180
4181;"B1                                      ";NULL;21;1;2009-10-22 18:26:44.437;4181
4182;"B2                                      ";NULL;21;1;2009-10-22 18:26:44.437;4182
4183;"C1                                      ";NULL;21;1;2009-10-22 18:26:44.450;4183
4184;"C2                                      ";NULL;21;1;2009-10-22 18:26:44.483;4184
4185;"A1                                      ";NULL;21;1;2009-10-22 22:34:55.263;4185
4186;"A2                                      ";NULL;21;1;2009-10-22 22:34:55.280;4186
4187;"A3                                      ";NULL;21;1;2009-10-22 22:34:55.293;4187
4188;"A4                                      ";NULL;21;1;2009-10-22 22:34:55.310;4188
4189;"B1                                      ";NULL;21;1;2009-10-22 22:34:55.310;4189
4190;"B2                                      ";NULL;21;1;2009-10-22 22:34:55.327;4190
4191;"B3                                      ";NULL;21;1;2009-10-22 22:34:55.340;4191
4192;"B4                                      ";NULL;21;1;2009-10-22 22:34:55.357;4192
4193;KA-Freyjur C;NULL;39;0;2009-11-15 16:48:35.250;NULL
4195;KA-Yngri;NULL;35;0;2009-11-18 23:15:10.483;NULL
4228;Leiftur;1;38;0;2009-11-19 19:06:59.030;NULL
4251;Þróttur N c;NULL;39;0;2009-11-23 11:17:35.687;NULL
4252;Þróttur N d;NULL;39;0;2009-11-23 11:18:32.420;NULL
4253;Huginn b;NULL;39;0;2009-11-23 11:19:21.467;NULL
4254;Höttur b;NULL;39;0;2009-11-23 11:20:14.607;NULL
4255;Sindri b;NULL;39;0;2009-11-23 11:21:04.560;NULL
4256;Leiknir b;NULL;39;0;2009-11-23 11:21:55.513;NULL
4257;Valur b;NULL;39;0;2009-11-23 11:23:24.030;NULL
4258;Volleychick;NULL;21;0;2009-12-02 19:51:05.170;NULL
4259;Súlur;NULL;39;0;2009-12-03 11:48:48.700;NULL
4264;Blakmenn Björgvins;NULL;38;0;2010-01-12 21:24:10.840;NULL
4286;Volleychic 2;NULL;21;0;2010-01-28 09:48:56.373;NULL
4287;Snörtur;NULL;38;0;2010-02-03 15:00:24.920;NULL
4304;KKA Skutlur 1;NULL;21;0;2010-02-11 16:55:38.090;NULL
4315;Súlur 3;NULL;21;0;2010-02-16 09:39:59.140;NULL
4349;Björn og húnarnir;NULL;38;0;2010-02-17 10:15:02.530;NULL
4350;Dívur;NULL;39;0;2010-02-18 12:44:55.543;NULL
4352;MS;NULL;40;0;2010-02-19 17:31:38.060;NULL
4353;FB;NULL;40;0;2010-02-19 17:32:26.890;NULL
4354;Menntaskólinn í Borgarfirði;NULL;40;0;2010-02-19 17:34:51.373;NULL
4355;VMA;NULL;40;0;2010-02-19 17:37:05.233;NULL
4356;Laugaskóli gestalið;NULL;40;0;2010-02-19 17:42:31.373;NULL
4357;Prufuskóli - blár;NULL;31;0;2010-02-22 18:25:48.623;NULL
4374;LundarskólaEGAS;NULL;29;0;2010-02-24 13:40:20.030;NULL
4375;LundarskólaVEGAS;NULL;29;0;2010-02-24 13:45:00.013;NULL
4376;Körtur;NULL;38;0;2010-02-24 21:07:01.717;NULL
4377;síðuskóli-stelpur;NULL;30;0;2010-02-25 13:00:52.420;NULL
4378;Siðuskóli-bombur;NULL;30;0;2010-02-25 13:47:59.013;NULL
4379;BrekkuOZOM;NULL;31;0;2010-02-25 14:07:12.483;NULL
4380;brekkubest!;NULL;31;0;2010-02-25 14:32:55.860;NULL
4381;Giljadrójar;NULL;29;0;2010-02-25 14:35:15.140;NULL
4392;Afríka;NULL;24;0;2010-02-25 16:58:47.983;NULL
4393;Giljaskóli-bleikur;NULL;30;0;2010-02-25 17:19:54.340;NULL
4394;Giljaskóli Bleikur;NULL;30;0;2010-02-25 17:24:41.810;NULL
4395;Giljagaurar;NULL;20;0;2010-02-25 19:16:58.357;NULL
4396;lundarskólastrákarnir;NULL;29;0;2010-02-25 19:29:16.467;NULL
4397;Oddeyrarskóli;NULL;29;0;2010-02-25 19:57:38.030;NULL
4398;Oddeyrarskóli Konnarnir;NULL;29;0;2010-02-25 20:01:02.560;NULL
4401;oddeyrar-smash;8;30;0;2010-02-25 21:07:08.233;NULL
4402;Glerárskóla-Leðurblökurnar;NULL;31;0;2010-02-26 09:48:30.623;NULL
4403;Glerárskóla-Team8;NULL;29;0;2010-02-26 09:58:19.873;NULL
4404;oddeyrask-doppurnar;NULL;30;0;2010-02-26 11:05:16.577;NULL
4423;Njólarnir;NULL;48;0;2010-03-01 09:55:39.577;NULL
4424;Drjólarnir;NULL;38;0;2010-03-02 21:18:05.000;NULL
4425;Víkingur Reynir A;NULL;39;0;2010-03-03 21:17:48.920;NULL
4426;UDN;NULL;21;0;2010-03-15 22:28:00.123;NULL
4439;HHF;NULL;21;0;2010-04-09 18:03:28.497;NULL
4440;HHF1;NULL;20;0;2010-04-11 16:34:31.733;NULL
4441;Þróttur N 1;NULL;21;0;2010-04-11 18:26:03.717;NULL
4442;Þróttur N 2;NULL;21;0;2010-04-11 18:30:01.873;NULL
4443;Sindri B;NULL;20;0;2010-04-12 13:07:24.920;NULL
4444;Þróttur N 3;NULL;21;0;2010-04-12 14:10:10.543;NULL
4445;KKA skutlur;NULL;21;0;2010-04-14 13:41:47.140;NULL
4446;Eik-ÚR;NULL;21;0;2010-04-14 17:56:17.467;NULL
4447;Skeljarnar;NULL;21;0;2010-04-15 08:22:13.140;NULL
4448;HK d;NULL;39;0;2010-04-15 14:24:25.403;NULL
4449;HK d;NULL;21;0;2010-04-15 17:43:08.403;NULL
4450;HK.e;NULL;21;0;2010-04-15 17:59:23.013;NULL
4452;Flatmagar;NULL;22;0;2010-04-15 19:51:08.890;NULL
4460;"B1                                      ";NULL;39;1;2010-04-20 20:40:57.140;4460
4467;Höttur 3;NULL;21;0;2010-04-21 13:16:35.840;NULL
4594;Ýmir B;NULL;39;0;2010-08-10 11:33:43.000;NULL
4595;HK B;NULL;38;0;2010-08-18 15:53:32.060;NULL
4596;KMK/Styrmir;NULL;39;0;2010-09-15 22:13:33.903;NULL
4597;Bresi B;NULL;39;0;2010-09-23 16:10:18.420;NULL
4603;UMFL;NULL;39;0;2010-09-23 16:52:20.733;NULL
4604;Umf. Hrunamenn;NULL;39;0;2010-09-23 16:55:21.077;NULL
4605;"A1                                      ";NULL;38;1;2010-09-30 15:07:32.390;4605
4606;"A2                                      ";NULL;38;1;2010-09-30 15:07:32.420;4606
4607;"A3                                      ";NULL;38;1;2010-09-30 15:07:32.437;4607
4608;"A4                                      ";NULL;38;1;2010-09-30 15:07:32.437;4608
4609;Höttur c;NULL;39;0;2010-10-07 13:28:55.200;NULL
4610;Umf. Glói (Súlur);NULL;39;0;2010-10-07 13:39:17.747;NULL
4611;Rimar byrjendur;NULL;39;0;2010-10-13 11:18:37.170;NULL
4635;HK Wunderblak e;NULL;21;0;2010-10-19 09:44:10.373;NULL
4636;HK Wunderblak d;NULL;21;0;2010-10-19 09:47:25.843;NULL
4637;Reynvík;NULL;39;0;2010-10-20 10:29:05.593;NULL
4638;Holte;NULL;39;0;2010-11-03 13:41:16.857;NULL
4639;Koll;NULL;39;0;2010-11-03 13:47:31.950;NULL
4640;Katrineholm;NULL;39;0;2010-11-03 13:48:08.860;NULL
4641;Höttur mix;NULL;39;0;2010-11-05 22:01:58.840;NULL
4650;Völsungur - byrjendur;NULL;39;0;2010-11-10 12:09:38.827;NULL
4651;Rimar mix (Ri-mix);NULL;21;0;2010-11-10 22:52:00.623;NULL
4652;Styrmir;NULL;38;0;2010-12-08 21:31:02.873;NULL
4653;Afturelding - Þróttur;NULL;38;0;2010-12-09 14:01:15.200;NULL
4654;Völsungur c;NULL;39;0;2011-01-04 16:54:00.890;NULL
4655;Völsungur byrjendur A;NULL;21;0;2011-01-06 12:18:45.763;NULL
4656;Völsungur byrjendur B;NULL;21;0;2011-01-06 12:23:59.747;NULL
4657;Mývetningur;NULL;39;0;2011-01-06 12:25:14.543;NULL
4658;Einherji;NULL;21;0;2011-01-07 08:42:57.280;NULL
4663;HK E;NULL;39;0;2011-01-10 14:19:04.793;NULL
4664;Þróttur Rvk - 4.deild;NULL;20;0;2011-01-12 09:46:58.030;NULL
4665;Made in Riben;NULL;20;0;2011-01-17 17:37:25.110;NULL
4672;HK rauður;NULL;39;0;2011-01-19 22:56:26.700;NULL
4673;HK grænn;NULL;39;0;2011-01-19 22:57:26.437;NULL
4674;HK blár;NULL;39;0;2011-01-19 22:58:21.500;NULL
4699;Skutlur A;NULL;39;0;2011-01-26 13:19:05.653;NULL
4700;Skutlur B;NULL;39;0;2011-01-26 13:19:53.310;NULL
4701;HK -Gyðjur;NULL;39;0;2011-01-29 13:37:50.640;NULL
4702;Stympurnar;NULL;39;0;2011-01-30 19:21:28.733;NULL
4703;Afturelding 6;NULL;21;0;2011-01-31 22:42:15.890;NULL
4704;Álftanes;NULL;38;0;2011-02-01 09:01:27.153;NULL
4705;Álftanes 2;NULL;38;0;2011-02-01 18:46:29.403;NULL
4706;Hamar B;NULL;39;0;2011-02-01 21:15:18.747;NULL
4707;Made in Ríben;NULL;39;0;2011-02-02 09:32:31.513;NULL
4786;Fylkir A;NULL;39;0;2011-02-11 12:01:53.547;NULL
4787;Dívur B;NULL;39;0;2011-02-21 11:53:30.560;NULL
4804;Demo 1;NULL;20;0;2011-02-23 22:34:40.497;NULL
4805;Demo 2;NULL;20;0;2011-02-23 22:36:05.467;NULL
4806;Demo 3;NULL;20;0;2011-02-23 22:36:34.340;NULL
4838;Austri Raufarhöfn A;NULL;21;0;2011-02-27 10:18:34.060;NULL
4839;Austri Raufarhöfn B;NULL;21;0;2011-02-27 10:25:45.293;NULL
4856;HK Leðurblökur;NULL;39;0;2011-03-08 13:27:09.733;NULL
4857;Ungmennafélagið Hvöt;NULL;21;0;2011-03-08 19:18:40.250;NULL
4894;Fylkir / Verkís;NULL;20;0;2011-03-23 21:23:12.077;NULL
4895;ÍFB;NULL;20;0;2011-03-23 21:28:57.687;NULL
4898;prufa1;NULL;21;0;2011-03-23 23:09:17.640;NULL
4899;HK - Rauður;NULL;21;0;2011-03-23 23:21:29.577;NULL
4900;HK - Svartur;NULL;21;0;2011-03-23 23:23:31.950;NULL
4901;HK-Wunderblak A;NULL;21;0;2011-03-28 10:38:09.967;NULL
4902;HK-Wunderblak B;NULL;21;0;2011-03-28 10:46:17.530;NULL
4903;Æskan;NULL;39;0;2011-03-28 19:59:18.093;NULL
4904;Afturelding - Þrumurnar;NULL;21;0;2011-03-29 08:16:09.420;NULL
4905;Skautar-Óðinn;NULL;38;0;2011-03-30 16:43:21.687;NULL
4954;HK Leðurblökur a;NULL;21;0;2011-03-31 08:34:25.327;NULL
4955;HK Leðurblökur b;NULL;21;0;2011-03-31 08:40:47.560;NULL
4972;ÍBV;NULL;21;0;2011-04-01 11:25:41.967;NULL
4973;ÍBV;NULL;24;0;2011-04-01 12:23:01.857;NULL
4974;BK Tvillinger;NULL;38;0;2011-04-01 22:55:48.687;NULL
4975;Völsungur D;NULL;21;0;2011-04-03 09:51:13.687;NULL
4976;Völsungur E;NULL;21;0;2011-04-03 10:02:21.670;NULL
4977;Þróttur RVK 4.deild;NULL;21;0;2011-04-04 13:43:41.733;NULL
4978;ÍBV;NULL;22;0;2011-04-05 22:40:01.013;NULL
4987;"A1                                      ";NULL;21;1;2011-04-08 12:41:46.373;4987
4988;"A2                                      ";NULL;21;1;2011-04-08 12:41:46.373;4988
4989;"A3                                      ";NULL;21;1;2011-04-08 12:41:46.390;4989
4990;"A4                                      ";NULL;21;1;2011-04-08 12:41:46.403;4990
4991;"B1                                      ";NULL;21;1;2011-04-08 12:41:46.420;4991
4992;"B2                                      ";NULL;21;1;2011-04-08 12:41:46.420;4992
4993;"B3                                      ";NULL;21;1;2011-04-08 12:41:46.467;4993
4994;"B4                                      ";NULL;21;1;2011-04-08 12:41:46.467;4994
4995;"C1                                      ";NULL;21;1;2011-04-08 12:41:46.483;4995
4996;"C2                                      ";NULL;21;1;2011-04-08 12:41:46.497;4996
4997;"D1                                      ";NULL;21;1;2011-04-08 12:41:46.513;4997
4998;"D2                                      ";NULL;21;1;2011-04-08 12:41:46.513;4998
4999;"E1                                      ";NULL;21;1;2011-04-08 12:41:46.543;4999
5000;"E2                                      ";NULL;21;1;2011-04-08 12:41:46.560;5000
5001;"F1                                      ";NULL;21;1;2011-04-08 12:41:46.577;5001
5002;"F2                                      ";NULL;21;1;2011-04-08 12:41:46.590;5002
5047;UMFL;NULL;38;0;2011-08-22 12:39:47.827;NULL
5048;Þróttur N e;NULL;39;0;2011-09-08 13:36:25.200;NULL
5051;Afturelding 2;NULL;39;0;2011-09-13 08:47:03.187;NULL
5052;U17 landslið;NULL;38;0;2011-09-13 11:14:44.030;NULL
5053;U17 landslið;NULL;39;0;2011-09-13 11:15:55.717;NULL
5054;Stavanger;NULL;33;0;2011-09-13 19:00:43.937;NULL
5055;Norge;NULL;39;0;2011-09-15 22:37:16.750;NULL
5064;Afturelding 3.fl. blandaður;NULL;39;0;2011-09-22 09:01:17.653;NULL
5065;Afturelding D;NULL;39;0;2011-09-23 15:54:09.733;NULL
5066;HK F;NULL;39;0;2011-09-23 16:03:42.903;NULL
5067;HK G;NULL;39;0;2011-09-23 16:04:33.187;NULL
5068;Stjarnan D;NULL;39;0;2011-09-23 16:05:20.373;NULL
5085;"A1                                      ";NULL;39;1;2011-09-27 10:37:57.280;5085
5086;"A2                                      ";NULL;39;1;2011-09-27 10:37:57.310;5086
5087;"A3                                      ";NULL;39;1;2011-09-27 10:37:57.340;5087
5088;"A4                                      ";NULL;39;1;2011-09-27 10:37:57.373;5088
5089;"B1                                      ";NULL;39;1;2011-09-27 10:37:57.390;5089
5090;"B2                                      ";NULL;39;1;2011-09-27 10:37:57.403;5090
5091;"B3                                      ";NULL;39;1;2011-09-27 10:37:57.437;5091
5092;"B4                                      ";NULL;39;1;2011-09-27 10:37:57.450;5092
5093;"C1                                      ";NULL;39;1;2011-09-27 10:37:57.467;5093
5094;"C2                                      ";NULL;39;1;2011-09-27 10:37:57.483;5094
5095;"D1                                      ";NULL;39;1;2011-09-27 10:37:57.497;5095
5096;"D2                                      ";NULL;39;1;2011-09-27 10:37:57.530;5096
5097;"E1                                      ";NULL;39;1;2011-09-27 10:37:57.560;5097
5098;"E2                                      ";NULL;39;1;2011-09-27 10:37:57.577;5098
5099;"F1                                      ";NULL;39;1;2011-09-27 10:37:57.590;5099
5100;"F2                                      ";NULL;39;1;2011-09-27 10:37:57.607;5100
5133;Höttur D;NULL;39;0;2011-09-27 10:40:32.733;NULL
5134;Hvammstangi;NULL;39;0;2011-10-09 14:27:23.860;NULL
5135;Birnur;NULL;39;0;2011-10-13 15:36:47.440;NULL
5191;DUMMY;NULL;38;0;2011-10-20 11:26:13.000;NULL
5288;IF Fuglafjordur;NULL;38;0;2011-10-26 16:46:41.677;NULL
5289;Middelfart;NULL;38;0;2011-10-26 16:47:20.257;NULL
5322;"3A1                                     ";NULL;39;1;2011-10-26 16:58:16.960;5322
5323;3B1;NULL;39;1;2011-10-26 16:58:16.960;5323
5324;3B2;NULL;39;1;2011-10-26 16:58:16.973;5324
5325;"3A2                                     ";NULL;39;1;2011-10-26 16:58:16.990;5325
5326;"3A3                                     ";NULL;39;1;2011-10-26 16:58:16.990;5326
5327;3B3;NULL;39;1;2011-10-26 16:58:17.037;5327
5328;3B4;NULL;39;1;2011-10-26 16:58:17.053;5328
5329;"3A4                                     ";NULL;39;1;2011-10-26 16:58:17.070;5329
5330;"3C1                                     ";NULL;39;1;2011-10-26 16:58:17.100;5330
5331;"3C2                                     ";NULL;39;1;2011-10-26 16:58:17.130;5331
5332;"3D1                                     ";NULL;39;1;2011-10-26 16:58:17.130;5332
5333;"3D2                                     ";NULL;39;1;2011-10-26 16:58:17.147;5333
5334;"3E1                                     ";NULL;39;1;2011-10-26 16:58:17.177;5334
5335;"3E2                                     ";NULL;39;1;2011-10-26 16:58:17.210;5335
5336;"3F1                                     ";NULL;39;1;2011-10-26 16:58:17.223;5336
5337;"3F2                                     ";NULL;39;1;2011-10-26 16:58:17.240;5337
5450;"2A1                                     ";NULL;39;1;2011-11-01 11:08:15.100;5450
5451;"2B1                                     ";NULL;39;1;2011-11-01 11:08:15.117;5451
5452;"2A2                                     ";NULL;39;1;2011-11-01 11:08:15.130;5452
5453;"2B2                                     ";NULL;39;1;2011-11-01 11:08:15.147;5453
5454;"2B3                                     ";NULL;39;1;2011-11-01 11:08:15.163;5454
5455;"2A3                                     ";NULL;39;1;2011-11-01 11:08:15.177;5455
5456;"2B4                                     ";NULL;39;1;2011-11-01 11:08:15.177;5456
5457;"2A4                                     ";NULL;39;1;2011-11-01 11:08:15.193;5457
5458;"2C1                                     ";NULL;39;1;2011-11-01 11:08:15.210;5458
5459;"2D1                                     ";NULL;39;1;2011-11-01 11:08:15.223;5459
5460;"2D2                                     ";NULL;39;1;2011-11-01 11:08:15.240;5460
5461;"2C2                                     ";NULL;39;1;2011-11-01 11:08:15.257;5461
5462;"2C3                                     ";NULL;39;1;2011-11-01 11:08:15.257;5462
5463;"2D3                                     ";NULL;39;1;2011-11-01 11:08:15.287;5463
5464;"2D4                                     ";NULL;39;1;2011-11-01 11:08:15.287;5464
5465;"2C4                                     ";NULL;39;1;2011-11-01 11:08:15.303;5465
5466;"3A1                                     ";NULL;39;1;2011-11-01 11:08:15.333;5466
5467;3B1;NULL;39;1;2011-11-01 11:08:15.350;5467
5468;3B2;NULL;39;1;2011-11-01 11:08:15.367;5468
5469;"3A2                                     ";NULL;39;1;2011-11-01 11:08:15.380;5469
5470;"3A3                                     ";NULL;39;1;2011-11-01 11:08:15.397;5470
5471;3B3;NULL;39;1;2011-11-01 11:08:15.397;5471
5472;3B4;NULL;39;1;2011-11-01 11:08:15.427;5472
5473;"3A4                                     ";NULL;39;1;2011-11-01 11:08:15.427;5473
5474;"3C1                                     ";NULL;39;1;2011-11-01 11:08:15.443;5474
5475;"3C2                                     ";NULL;39;1;2011-11-01 11:08:15.460;5475
5476;"3D1                                     ";NULL;39;1;2011-11-01 11:08:15.490;5476
5477;"3D2                                     ";NULL;39;1;2011-11-01 11:08:15.490;5477
5478;"3E1                                     ";NULL;39;1;2011-11-01 11:08:16.507;5478
5479;"3E2                                     ";NULL;39;1;2011-11-01 11:08:16.520;5479
5480;"3F1                                     ";NULL;39;1;2011-11-01 11:08:16.570;5480
5481;"3F2                                     ";NULL;39;1;2011-11-01 11:08:16.570;5481
5482;Stór-Stjörnur;1;22;0;2011-11-08 12:43:16.140;NULL
5483;Birnur 1;NULL;39;0;2011-11-09 23:54:46.997;NULL
5484;Birnur 2;NULL;39;0;2011-11-10 08:21:30.747;NULL
5496;Krákurnar;NULL;39;0;2011-11-22 23:17:28.540;NULL
5497;Bjarkir;NULL;21;0;2011-11-23 17:59:36.117;NULL
5498;Rimar A;NULL;39;0;2011-11-23 18:44:33.447;NULL
5535;Mývetningur;NULL;38;0;2011-12-24 23:30:57.610;NULL
5536;Fjarðirnar;NULL;39;0;2012-01-02 21:03:18.853;NULL
5537;Laserkonur;NULL;39;0;2012-01-03 12:26:10.447;NULL
5584;Krákurnar B;NULL;21;0;2012-01-04 11:04:02.163;NULL
5601;HK gay's;NULL;38;0;2012-01-11 12:35:58.937;NULL
5604;Dalalæður;NULL;39;0;2012-01-23 23:05:39.143;NULL
5725;Afturelding 3fl stúlkna;NULL;39;0;2012-01-31 23:39:03.123;NULL
5727;"B1                                      ";NULL;20;1;2012-02-01 22:53:09.480;5727
5729;"B2                                      ";NULL;20;1;2012-02-01 22:53:09.530;5729
5731;"B3                                      ";NULL;20;1;2012-02-01 22:53:09.560;5731
5732;Hyrnan 3;NULL;38;0;2012-02-08 21:08:04.377;NULL
5733;Súlur 4;NULL;21;0;2012-02-20 23:51:17.833;NULL
5734;Súlur 5;NULL;21;0;2012-02-20 23:53:02.257;NULL
5781;Demo;NULL;39;0;2012-02-22 13:56:34.470;NULL
5814;Víkingur/Reynir 1;NULL;39;0;2012-02-29 21:50:33.100;NULL
5815;Víkingur/Reynir 2;NULL;39;0;2012-02-29 21:55:25.397;NULL
5816;Hrunamenn Konur;NULL;39;0;2012-03-01 21:08:00.630;NULL
5817;Laugdælur 2;NULL;39;0;2012-03-14 13:32:59.530;NULL
5818;Fjaðrirnar;NULL;21;0;2012-03-21 22:10:13.690;NULL
5819;Fálkar;NULL;20;0;2012-03-23 14:33:34.360;NULL
5820;Zeturnar;NULL;24;0;2012-03-23 14:38:01.017;NULL
5833;ÍBV;2;21;0;2012-03-23 22:00:05.407;NULL
5842;Snörtur FC Partý-team;NULL;20;0;2012-03-26 10:17:08.237;NULL
5843;Óðinn/Skautar;NULL;22;0;2012-03-26 21:29:07.330;NULL
5844;Fylkir/Austri A;NULL;21;0;2012-03-27 18:17:07.637;NULL
5845;Fylkir/Austri B;NULL;21;0;2012-03-27 18:18:52.420;NULL
5847;Krækjur C;NULL;21;0;2012-03-28 09:57:02.573;NULL
5848;Ungmennafélagið Hvöt 2;NULL;21;0;2012-03-28 12:05:36.497;NULL
5849;Þór-arinn;NULL;20;0;2012-03-28 14:38:37.560;NULL
5850;Grótta 2;NULL;21;0;2012-03-28 22:31:59.480;NULL
5851;Fylkir/Álftanes;NULL;20;0;2012-03-29 14:24:52.933;NULL
5944;11B;NULL;21;0;2012-04-11 12:09:55.907;NULL
5945;11-b;NULL;21;0;2012-04-11 12:18:10.920;NULL
5980;Hrunamenn-Konur3;NULL;21;0;2012-04-17 23:01:35.473;NULL
5981;Hrunamenn-konur 4;NULL;39;0;2012-04-17 23:19:18.350;NULL
5982;fff;2;21;0;2012-04-19 21:24:54.787;NULL
5983;UÍA;NULL;39;0;2012-05-14 21:46:33.080;NULL
5984;Þróttur/Fylkir;NULL;25;0;2012-05-30 08:10:43.477;NULL
5989;Ungmennafélagið;NULL;38;0;2012-06-06 23:28:45.990;NULL
5996;Þróttur N b;NULL;38;0;2012-07-06 14:58:46.650;NULL
5997;UMFL B;NULL;39;0;2012-07-06 16:08:42.417;NULL
5998;ÍK B;NULL;39;0;2012-07-06 16:11:31.090;NULL
5999;Umf. Hrunamenn B;NULL;39;0;2012-07-06 16:12:52.980;NULL
6000;HK H;NULL;39;0;2012-07-06 16:13:36.680;NULL
6001;Afturelding E;NULL;39;0;2012-07-06 16:14:42.260;NULL
6002;Afturelding F;NULL;39;0;2012-07-06 16:15:17.430;NULL
6003;Afturelding G;NULL;39;0;2012-07-06 16:15:48.137;NULL
6004;UMFG C;NULL;39;0;2012-07-06 16:17:07.197;NULL
6005;Skellur;NULL;38;0;2012-07-06 16:26:05.667;NULL
6006;Stjarnan 3;NULL;38;0;2012-07-06 16:27:34.090;NULL
6007;Leiknir C;NULL;39;0;2012-07-09 10:05:22.493;NULL
6008;GESTUR;NULL;38;0;2012-08-23 12:51:57.397;NULL
6009;Dímon-Hekla;NULL;39;0;2012-09-20 15:04:02.523;NULL
6010;HK - Gyðjurnar;NULL;21;0;2012-10-08 16:34:27.197;NULL
6011;Afturelding C;NULL;39;0;2012-10-10 21:23:26.810;NULL
6012;Þróttur Nc;NULL;38;0;2012-10-17 15:44:01.250;NULL
6052;HK Blökur;NULL;39;0;2012-11-14 19:00:50.263;NULL
6053;HK-Gyðjurnar;NULL;21;0;2012-11-14 21:59:13.187;NULL
6054;Hamar B;NULL;21;0;2012-11-15 12:08:39.140;NULL
6055;Skautar C;NULL;39;0;2012-11-20 18:23:40.433;NULL
6121;Fylkir 3. flokkur;NULL;30;0;2013-01-04 20:42:24.800;NULL
6122;Völsungur B-karlar;NULL;38;0;2013-01-08 23:13:59.183;NULL
6123;Laugar;NULL;38;0;2013-01-09 14:34:24.150;NULL
6124;Dalalæður;2;39;0;2013-01-09 15:00:14.400;NULL
6125;Bjarkir B;NULL;21;0;2013-01-09 16:54:44.463;NULL
6126;Fjaðrirnar A;NULL;21;0;2013-01-09 17:46:39.480;NULL
6127;HK 2.fl. KVK;NULL;39;0;2013-01-09 20:34:35.187;NULL
6128;Völsungur F;NULL;21;0;2013-01-09 21:09:40.623;NULL
6211;Massabland;NULL;20;0;2013-01-19 17:11:09.193;NULL
6228;ÍBV;NULL;39;0;2013-01-25 09:56:31.047;NULL
6229;ÍBV;2;39;0;2013-01-25 10:12:12.577;NULL
6230;Hrunamenn;NULL;21;0;2013-01-27 21:34:16.353;NULL
6231;Fylkir E;NULL;39;0;2013-01-30 11:00:42.110;NULL
6232;ÍBV;NULL;38;0;2013-01-30 20:30:39.380;NULL
6241;Þróttur/Verkís;NULL;38;0;2013-02-12 21:50:30.857;NULL
6242;Bjarkir B;NULL;39;0;2013-02-13 11:49:04.877;NULL
6277;Valkyrjur;NULL;21;0;2013-03-04 17:49:04.123;NULL
6280;Nunnur Ármanns;NULL;21;0;2013-03-07 23:06:51.310;NULL
6285;Hrunamenn 1;NULL;21;0;2013-03-20 22:28:26.690;NULL
6286;Hrunamenn 2;NULL;21;0;2013-03-20 22:32:15.077;NULL
6287;Fylkir V;NULL;20;0;2013-03-21 12:29:28.333;NULL
6288;Fylkir W;NULL;20;0;2013-03-21 12:35:01.793;NULL
6289;HK Gyðjurnar/Þróttur R b;NULL;21;0;2013-03-21 17:13:02.853;NULL
6290;Fjaðrirnar 2;NULL;21;0;2013-03-21 22:16:49.110;NULL
6291;HK Gullöld;NULL;20;0;2013-03-25 12:47:15.893;NULL
6292;Eikúr;NULL;21;0;2013-03-26 08:42:27.473;NULL
6293;Keflavík - Keli;NULL;21;0;2013-03-27 11:49:21.483;NULL
6294;Krákurnar-Kjúllar;NULL;39;0;2013-04-02 12:26:15.373;NULL
6389;HK gestir;NULL;38;0;2013-04-07 21:23:10.057;NULL
6452;Umsjón;NULL;40;0;2013-04-20 14:01:31.920;NULL
6453;UMFG.;NULL;39;0;2013-08-07 15:08:25.137;NULL
6454;Afturelding B;NULL;38;0;2013-08-14 10:19:44.837;NULL
6455;The Supremes;NULL;21;0;2013-09-17 23:40:31.153;NULL
6456;UMF Hvöt;NULL;39;0;2013-09-23 14:58:40.820;NULL
6457;Þróttur N D;NULL;38;0;2013-09-23 15:20:30.500;NULL
6458;Afturelding C;NULL;38;0;2013-09-23 15:23:10.563;NULL
6459;Tat;NULL;39;0;2013-10-07 12:35:46.957;NULL
6460;Tófurnar;NULL;39;0;2013-10-07 12:57:29.307;NULL
6461;Krákurnar C;NULL;21;0;2013-10-11 10:06:36.330;NULL
6464;HK C Karlar;NULL;20;0;2013-10-13 15:50:18.850;NULL
6465;Álftanes D;NULL;39;0;2013-10-15 13:31:58.613;NULL
6466;Rimar Á;NULL;38;0;2013-10-15 21:51:03.440;NULL
6467;Súlur B;NULL;39;0;2013-10-16 08:19:57.710;NULL
6468;Þróttur N F;NULL;39;0;2013-10-16 11:29:45.587;NULL
6534;HK C2;NULL;39;0;2013-10-17 14:38:03.103;NULL
6552;Birnur II;NULL;39;0;2013-11-04 13:01:49.353;NULL
6553;Húnar;NULL;38;0;2013-11-04 13:03:30.143;NULL
6554;MassaDjammm;NULL;20;0;2013-11-05 16:13:21.587;NULL
6555;DUMMY;NULL;39;0;2013-11-12 13:30:47.130;NULL
6580;HK C Karlar a;NULL;38;0;2013-11-18 16:25:37.930;NULL
6645;Fjörkálfarnir;NULL;39;0;2014-01-06 10:58:54.303;NULL
6730;Fylkir-stuð;NULL;39;0;2014-01-21 12:52:22.227;NULL
6731;Glói - byrjendur;NULL;39;0;2014-01-26 21:53:57.010;NULL
6732;Súlu C;NULL;39;0;2014-01-26 22:46:18.913;NULL
6823;Úrvalslið;NULL;20;0;2014-01-28 18:50:08.357;NULL
6832;Súlur C;NULL;39;0;2014-02-03 20:02:27.493;NULL
6833;Súlur D;NULL;39;0;2014-02-03 20:02:52.607;NULL
6834;Keflavík;NULL;39;0;2014-02-10 18:06:26.080;NULL
6835;Bresi;C;39;0;2014-02-11 10:11:50.377;NULL
6836;U.M.F.Bjarmi;NULL;38;0;2014-02-11 20:42:37.580;NULL
6837;Skriðurnar - Eldri;NULL;39;0;2014-02-12 22:03:19.577;NULL
6838;Skriðurnar - Yngri;NULL;39;0;2014-02-12 22:04:35.227;NULL
6839;HKarlarnir;NULL;38;0;2014-02-16 22:33:23.780;NULL
6840;HKarlarnir b;NULL;38;0;2014-02-17 21:24:58.060;NULL
6844;HKarlarnir b;2;38;0;2014-02-17 21:28:00.143;NULL
6845;HK Byrjendur;NULL;21;0;2014-02-18 23:01:29.733;NULL
6870;Gló - byrjendur;NULL;40;0;2014-02-19 22:17:06.660;NULL
6874;Glói - byrjendur;NULL;21;0;2014-02-19 22:24:51.460;NULL
6883;HK Dýfurnar;NULL;21;0;2014-03-11 09:46:04.840;NULL
6884;Dímon-Hekla 2;NULL;21;0;2014-03-15 18:53:12.723;NULL
6885;HK Dýfur;NULL;21;0;2014-03-16 22:36:02.037;NULL
6886;Blaklið Íslands;NULL;20;0;2014-03-17 13:53:55.613;NULL
6887;Öllarar;NULL;20;0;2014-03-18 13:29:48.510;NULL
6892;Mývetningur A;NULL;39;0;2014-03-18 19:21:46.897;NULL
6893;Keflavík B;NULL;39;0;2014-03-18 21:03:04.140;NULL
6894;Hamar;B;20;0;2014-03-20 18:17:52.930;NULL
6897;KA-L;NULL;20;0;2014-03-26 13:55:26.760;NULL
6898;Skriður - Eldri;NULL;39;0;2014-03-26 22:31:32.887;NULL
6899;Skriður - Yngri;NULL;39;0;2014-03-26 22:32:08.990;NULL
6900;TUA-Stjarnan;NULL;20;0;2014-03-26 22:43:01.610;NULL
6901;HK-Wunderblak C;NULL;21;0;2014-03-28 13:30:05.460;NULL
6902;Skriður (UMF Glói);NULL;21;0;2014-03-28 18:01:06.417;NULL
6903;Bíbí og blaka;NULL;21;0;2014-03-31 17:45:01.547;NULL
6904;Skutlur C;NULL;21;0;2014-03-31 22:19:42.027;NULL
6963;HK Dýfur;NULL;39;0;2014-04-01 22:35:58.473;NULL
7072;UMF Ármann;NULL;39;0;2014-04-06 22:25:07.033;NULL
7073;KA Ö-lið;NULL;20;0;2014-04-08 12:40:37.003;NULL
7088;KA L-lið;NULL;20;0;2014-04-08 12:50:53.713;NULL
7169;HK C;NULL;38;0;2014-08-13 10:56:04.637;NULL
7170;Þróttur R D;NULL;39;0;2014-08-13 13:11:00.667;NULL
7171;UMF Glói (Skriður);NULL;39;0;2014-08-13 13:17:06.170;NULL
7172;Kormákur (Birnur);NULL;39;0;2014-08-13 13:17:52.210;NULL
